时间戳,左臂最大压强(kPa),左臂最大压强坐标,左臂平均压强(kPa),左臂受力面积(cm²),左臂数据,左臂点数,左臂总压力(N),备注
1787125308398,168.0,"(2, 10)",74.5,124,"[0,0,0,0,0,6,11,38,64,115,165,160,155,139,122,121,119,137,155,102,49,47,45,35,25,35,45,60,75,56,37,31,25,31,37,37,0,0,0,0,0,6,12,39,66,116,167,162,157,140,124,121,119,138,157,103,50,48,46,35,25,35,46,61,77,57,38,31,25,31,37,37,0,0,0,0,0,6,12,40,67,118,168,164,159,142,125,122,119,139,158,104,50,48,46,36,25,36,46,63,79,59,38,32,25,31,36,36,0,0,0,0,0,6,12,40,67,118,168,164,159,142,125,122,119,139,158,104,50,48,46,36,25,36,46,63,79,59,38,32,25,31,36,36]",124,924.3,
1787125308480,168.0,"(0, 10)",79.5,116,"[0,0,0,0,0,0,0,34,68,118,168,163,157,142,126,125,123,142,160,107,54,53,52,46,40,44,48,58,68,50,32,27,21,27,32,32,0,0,0,0,0,0,0,35,69,119,168,163,158,142,126,124,122,141,160,107,54,53,52,46,40,44,47,58,68,50,32,25,19,25,32,32,0,0,0,0,0,0,0,35,70,119,168,163,158,142,126,123,120,140,159,107,54,53,52,46,40,43,46,57,68,50,32,24,16,24,32,32,0,0,0,0,0,0,0,35,70,119,168,163,158,142,126,123,120,140,159,107,54,53,52,46,40,43,46,57,68,50,32,24,16,24,32,32]",116,922.6,
1787125308562,178.0,"(2, 10)",79.8,124,"[0,0,0,0,0,6,12,45,78,127,175,169,163,149,135,134,132,151,170,112,53,53,53,47,40,44,47,59,70,52,34,27,20,26,32,32,0,0,0,0,0,6,13,46,79,128,177,171,166,151,136,134,132,151,171,113,55,54,54,47,41,44,47,59,72,53,34,27,20,26,32,32,0,0,0,0,0,7,13,46,79,129,178,173,168,153,137,134,131,152,172,114,56,55,54,48,41,44,46,60,73,54,34,27,20,26,32,32,0,0,0,0,0,7,13,46,79,129,178,173,168,153,137,134,131,152,172,114,56,55,54,48,41,44,46,60,73,54,34,27,20,26,32,32]",124,989.4,
1787125308643,181.0,"(1, 10)",80.8,124,"[0,0,0,0,0,7,13,48,83,132,180,173,166,153,140,139,137,156,175,113,50,50,50,44,37,42,46,59,72,55,37,29,20,25,30,30,0,0,0,0,0,7,13,48,84,132,181,174,168,154,141,138,136,156,176,113,51,51,51,44,37,42,46,60,74,55,37,29,21,25,30,30,0,0,0,0,0,7,13,49,84,133,181,175,169,155,141,138,135,156,177,114,51,51,51,44,37,42,46,61,75,56,37,29,21,26,30,30,0,0,0,0,0,7,13,49,84,133,181,175,169,155,141,138,135,156,177,114,51,51,51,44,37,42,46,61,75,56,37,29,21,26,30,30]",124,1002.3,
1787125308727,185.0,"(2, 10)",81.5,124,"[0,0,0,0,0,7,13,50,86,133,180,173,166,153,140,138,136,156,175,112,48,48,48,39,30,37,43,58,72,55,37,29,20,25,30,30,0,0,0,0,0,7,13,51,89,136,183,176,170,156,143,140,138,158,178,113,48,49,49,40,31,37,44,59,74,56,38,30,22,26,31,31,0,0,0,0,0,7,13,52,91,138,185,180,174,160,145,142,139,160,181,115,48,49,50,41,31,38,45,61,76,57,38,31,24,28,31,31,0,0,0,0,0,7,13,52,91,138,185,180,174,160,145,142,139,160,181,115,48,49,50,41,31,38,45,61,76,57,38,31,24,28,31,31]",124,1010.5,
1787125308810,183.0,"(1, 10)",82.5,120,"[0,0,0,0,0,7,13,51,88,135,182,175,168,155,142,140,138,158,178,113,48,47,46,37,28,35,42,57,72,55,37,29,21,26,30,30,0,0,0,0,0,3,7,48,89,136,183,176,169,156,142,140,137,158,178,114,49,48,46,37,28,35,42,58,73,55,37,29,21,26,30,30,0,0,0,0,0,0,0,45,90,137,183,177,170,156,142,139,136,157,178,114,50,48,46,37,28,35,42,58,74,56,37,29,21,26,30,30,0,0,0,0,0,0,0,45,90,137,183,177,170,156,142,139,136,157,178,114,50,48,46,37,28,35,42,58,74,56,37,29,21,26,30,30]",120,990.5,
1787125308894,186.0,"(2, 10)",81.8,124,"[0,0,0,0,0,7,13,52,91,137,183,176,168,156,143,141,139,159,178,114,49,48,46,37,28,35,42,58,73,55,37,29,21,26,30,30,0,0,0,0,0,7,13,53,93,139,185,178,171,158,144,142,139,159,180,115,50,48,47,38,29,36,43,59,75,56,38,29,21,26,31,31,0,0,0,0,0,7,13,54,94,140,186,180,174,160,145,142,139,160,181,116,50,49,48,39,29,36,43,60,76,57,38,30,21,26,31,31,0,0,0,0,0,7,13,54,94,140,186,180,174,160,145,142,139,160,181,116,50,49,48,39,29,36,43,60,76,57,38,30,21,26,31,31]",124,1014.4,
1787125308978,188.0,"(2, 10)",82.3,124,"[0,0,0,0,0,7,13,52,91,136,181,174,167,154,140,139,137,157,176,112,48,47,46,37,28,35,41,57,72,55,37,29,20,25,30,30,0,0,0,0,0,7,14,54,94,139,185,178,171,157,144,141,139,159,180,115,51,49,47,38,29,36,43,59,75,56,38,29,21,26,31,31,0,0,0,0,0,7,14,56,97,143,188,182,175,161,147,144,140,162,183,118,53,51,48,39,29,37,44,61,77,58,39,30,21,27,32,32,0,0,0,0,0,7,14,56,97,143,188,182,175,161,147,144,140,162,183,118,53,51,48,39,29,37,44,61,77,58,39,30,21,27,32,32]",124,1019.9,
1787125309061,188.0,"(2, 10)",82.8,124,"[0,0,0,0,0,7,13,53,93,138,183,176,169,156,142,141,140,160,179,114,49,48,47,38,28,36,44,59,73,56,38,30,21,26,31,31,0,0,0,0,0,7,14,54,95,140,186,179,172,158,145,142,140,161,181,116,51,49,48,38,29,36,44,60,75,57,39,30,21,26,32,32,0,0,0,0,0,7,14,56,97,143,188,182,175,161,147,144,140,162,183,118,53,51,48,39,29,37,44,61,77,58,39,30,21,27,32,32,0,0,0,0,0,7,14,56,97,143,188,182,175,161,147,144,140,162,183,118,53,51,48,39,29,37,44,61,77,58,39,30,21,27,32,32]",124,1026.6,
1787125309144,184.0,"(0, 10)",83.6,120,"[0,0,0,0,0,7,13,53,93,139,184,177,170,157,144,142,140,160,180,115,49,48,47,38,28,37,45,60,74,56,38,30,21,26,31,31,0,0,0,0,0,3,7,50,94,139,184,177,170,157,144,141,139,159,179,115,50,48,47,37,28,36,44,59,75,56,38,29,21,26,31,31,0,0,0,0,0,0,0,47,94,139,184,177,170,157,143,140,137,158,178,115,51,49,46,37,28,35,42,59,75,56,37,29,21,26,30,30,0,0,0,0,0,0,0,47,94,139,184,177,170,157,143,140,137,158,178,115,51,49,46,37,28,35,42,59,75,56,37,29,21,26,30,30]",120,1002.7,
1787125309227,185.0,"(2, 10)",84.3,116,"[0,0,0,0,0,0,0,45,89,136,182,176,169,156,142,140,138,159,179,115,50,45,39,30,20,29,37,53,68,53,37,29,20,26,32,32,0,0,0,0,0,0,0,45,91,137,184,177,171,157,144,141,139,159,180,115,51,45,40,29,19,28,37,53,70,53,37,29,21,26,31,31,0,0,0,0,0,0,0,46,92,139,185,179,173,159,145,142,139,160,181,116,51,46,40,29,18,28,37,54,71,54,37,29,21,26,30,30,0,0,0,0,0,0,0,46,92,139,185,179,173,159,145,142,139,160,181,116,51,46,40,29,18,28,37,54,71,54,37,29,21,26,30,30]",116,978.0,
1787125309310,186.0,"(2, 10)",84.9,116,"[0,0,0,0,0,0,0,44,88,136,183,177,171,158,144,142,140,160,180,114,48,45,41,31,20,29,37,53,68,53,37,29,20,25,30,30,0,0,0,0,0,0,0,45,90,137,185,179,173,159,145,143,140,161,181,115,49,45,41,31,21,29,38,54,70,54,38,29,21,26,31,31,0,0,0,0,0,0,0,46,91,139,186,181,175,161,146,143,140,161,182,116,49,45,40,31,21,30,38,55,71,55,38,30,21,26,31,31,0,0,0,0,0,0,0,46,91,139,186,181,175,161,146,143,140,161,182,116,49,45,40,31,21,30,38,55,71,55,38,30,21,26,31,31]",116,985.2,
1787125309393,187.0,"(2, 10)",85.9,116,"[0,0,0,0,0,0,0,45,89,137,184,178,172,159,145,143,141,161,181,115,49,46,42,33,23,32,40,56,71,53,35,28,21,26,30,30,0,0,0,0,0,0,0,45,91,138,186,180,174,160,146,144,141,162,183,116,49,46,43,33,24,32,40,56,72,54,37,29,21,25,30,30,0,0,0,0,0,0,0,46,92,140,187,182,176,162,147,144,141,163,184,117,49,46,43,34,24,32,40,56,72,55,38,30,21,25,29,29,0,0,0,0,0,0,0,46,92,140,187,182,176,162,147,144,141,163,184,117,49,46,43,34,24,32,40,56,72,55,38,30,21,25,29,29]",116,996.0,
1787125309476,187.0,"(2, 10)",85.1,116,"[0,0,0,0,0,0,0,44,88,136,184,178,171,158,144,143,141,161,180,113,46,44,42,33,23,31,39,55,70,53,35,28,21,26,30,30,0,0,0,0,0,0,0,45,90,138,186,180,174,159,145,143,141,161,182,115,48,44,41,32,23,31,40,55,71,53,36,28,21,25,29,29,0,0,0,0,0,0,0,46,91,139,187,182,176,161,146,143,140,162,183,116,49,45,40,32,23,32,40,56,72,54,36,29,21,25,28,28,0,0,0,0,0,0,0,46,91,139,187,182,176,161,146,143,140,162,183,116,49,45,40,32,23,32,40,56,72,54,36,29,21,25,28,28]",116,987.6,
1787125309559,190.0,"(2, 10)",83.5,122,"[0,0,0,0,0,0,0,45,89,137,184,178,172,159,145,143,141,161,181,115,49,45,40,32,23,32,40,56,71,54,37,29,21,26,30,30,0,0,0,0,0,4,7,50,92,140,187,182,176,162,148,145,143,163,184,117,50,46,41,32,24,32,41,57,74,56,38,30,22,26,31,31,0,0,0,0,0,7,14,55,95,143,190,185,180,165,150,147,144,166,187,119,51,47,42,33,24,33,42,59,76,58,39,31,22,27,32,32,0,0,0,0,0,7,14,55,95,143,190,185,180,165,150,147,144,166,187,119,51,47,42,33,24,33,42,59,76,58,39,31,22,27,32,32]",122,1018.6,
1787125309642,184.0,"(2, 10)",84.7,116,"[0,0,0,0,0,0,0,43,86,134,182,177,171,158,144,142,139,160,180,114,48,44,39,31,23,31,39,55,70,54,37,30,23,27,30,30,0,0,0,0,0,0,0,44,88,135,183,178,173,159,145,142,139,160,181,115,49,44,40,31,23,31,40,55,71,54,37,30,22,26,30,30,0,0,0,0,0,0,0,45,89,137,184,179,174,160,145,142,139,160,181,115,49,45,40,32,23,32,40,56,71,54,37,29,21,26,30,30,0,0,0,0,0,0,0,45,89,137,184,179,174,160,145,142,139,160,181,115,49,45,40,32,23,32,40,56,71,54,37,29,21,26,30,30]",116,982.6,
1787125309725,184.0,"(2, 10)",84.6,116,"[0,0,0,0,0,0,0,43,86,134,182,176,170,157,143,141,138,158,178,113,48,44,39,30,20,30,39,55,70,55,39,31,23,27,30,30,0,0,0,0,0,0,0,44,88,135,183,178,172,158,144,141,139,159,180,114,49,44,40,30,21,30,40,55,71,55,40,31,22,26,30,30,0,0,0,0,0,0,0,45,89,137,184,179,174,160,145,142,139,160,181,115,49,45,40,31,21,31,40,56,71,56,40,31,21,26,30,30,0,0,0,0,0,0,0,45,89,137,184,179,174,160,145,142,139,160,181,115,49,45,40,31,21,31,40,56,71,56,40,31,21,26,30,30]",116,981.4,
1787125309808,184.0,"(1, 10)",84.9,116,"[0,0,0,0,0,0,0,44,87,135,183,177,171,158,144,142,140,160,180,113,46,43,39,30,21,32,42,56,70,55,39,31,23,28,33,33,0,0,0,0,0,0,0,44,88,136,184,178,173,159,145,142,140,160,181,113,46,43,40,30,21,32,42,56,71,55,40,31,22,27,32,32,0,0,0,0,0,0,0,45,89,137,184,179,174,160,145,142,139,160,181,114,46,43,40,31,21,32,42,57,71,56,40,31,21,26,30,30,0,0,0,0,0,0,0,45,89,137,184,179,174,160,145,142,139,160,181,114,46,43,40,31,21,32,42,57,71,56,40,31,21,26,30,30]",116,985.0,
1787125309891,186.0,"(0, 10)",82.9,120,"[0,0,0,0,0,7,13,51,89,138,186,180,174,161,147,145,142,163,183,116,49,44,38,30,21,32,43,58,72,56,40,32,24,28,31,31,0,0,0,0,0,3,7,48,89,137,185,180,174,160,146,143,141,161,182,116,49,43,38,29,20,31,43,57,72,56,40,31,23,27,32,32,0,0,0,0,0,0,0,45,89,137,184,179,174,160,145,142,139,160,181,115,49,43,37,28,18,30,42,57,71,56,40,31,21,27,33,33,0,0,0,0,0,0,0,45,89,137,184,179,174,160,145,142,139,160,181,115,49,43,37,28,18,30,42,57,71,56,40,31,21,27,33,33]",120,995.1,
1787125309974,183.0,"(2, 10)",83.4,116,"[0,0,0,0,0,0,0,43,85,133,181,175,169,156,142,140,137,158,178,112,45,40,34,26,18,29,39,53,67,53,39,31,22,27,32,32,0,0,0,0,0,0,0,43,87,134,182,177,171,157,143,140,138,158,179,113,47,41,35,26,18,29,39,54,69,54,39,30,21,27,32,32,0,0,0,0,0,0,0,44,88,136,183,178,173,159,144,141,138,159,180,114,48,42,35,27,18,29,39,55,70,55,39,30,20,26,32,32,0,0,0,0,0,0,0,44,88,136,183,178,173,159,144,141,138,159,180,114,48,42,35,27,18,29,39,55,70,55,39,30,20,26,32,32]",116,967.9,
1787125310057,184.0,"(0, 10)",84.7,116,"[0,0,0,0,0,0,0,45,89,137,184,178,172,159,145,143,140,161,181,115,49,43,37,29,21,32,42,57,71,56,40,32,23,28,33,33,0,0,0,0,0,0,0,44,89,136,184,178,173,159,145,142,139,160,181,115,49,43,37,28,20,30,41,56,71,55,40,31,23,28,33,33,0,0,0,0,0,0,0,44,88,136,183,178,173,159,144,141,138,159,180,114,48,43,37,28,18,29,39,55,70,55,39,31,23,28,33,33,0,0,0,0,0,0,0,44,88,136,183,178,173,159,144,141,138,159,180,114,48,43,37,28,18,29,39,55,70,55,39,31,23,28,33,33]",116,983.0,
1787125310140,184.0,"(0, 10)",84.7,116,"[0,0,0,0,0,0,0,45,89,137,184,178,172,159,145,143,141,161,181,115,49,43,37,29,21,32,42,56,69,55,40,32,23,28,33,33,0,0,0,0,0,0,0,44,89,136,184,178,173,159,145,142,140,160,181,115,49,43,37,28,20,31,42,56,70,54,39,30,22,28,33,33,0,0,0,0,0,0,0,44,88,136,184,179,173,159,144,141,138,159,180,114,48,43,37,28,18,30,42,56,70,54,37,29,21,27,33,33,0,0,0,0,0,0,0,44,88,136,184,179,173,159,144,141,138,159,180,114,48,43,37,28,18,30,42,56,70,54,37,29,21,27,33,33]",116,982.3,
1787125310223,184.0,"(2, 10)",84.1,116,"[0,0,0,0,0,0,0,44,87,135,182,176,170,157,143,142,140,160,179,114,48,43,37,28,18,30,41,54,66,52,37,30,23,28,32,32,0,0,0,0,0,0,0,44,88,135,183,177,172,158,144,142,139,160,180,114,48,42,36,27,18,30,42,55,68,52,37,30,22,27,33,33,0,0,0,0,0,0,0,44,88,136,184,179,173,159,145,142,138,160,181,115,48,42,35,27,18,30,42,56,69,53,37,29,21,27,33,33,0,0,0,0,0,0,0,44,88,136,184,179,173,159,145,142,138,160,181,115,48,42,35,27,18,30,42,56,69,53,37,29,21,27,33,33]",116,975.2,
1787125310303,185.0,"(2, 10)",84.8,116,"[0,0,0,0,0,0,0,44,87,134,181,176,170,157,143,142,140,160,179,114,48,43,37,28,18,30,41,55,68,53,37,30,23,28,32,32,0,0,0,0,0,0,0,44,88,136,183,178,173,159,145,143,140,161,181,115,49,43,38,28,18,30,42,55,69,53,38,30,23,28,33,33,0,0,0,0,0,0,0,45,89,137,185,180,175,161,147,144,140,162,183,116,49,44,38,28,18,30,42,56,69,54,38,31,23,28,33,33,0,0,0,0,0,0,0,45,89,137,185,180,175,161,147,144,140,162,183,116,49,44,38,28,18,30,42,56,69,54,38,31,23,28,33,33]",116,984.2,
1787125310389,184.0,"(2, 10)",84.2,116,"[0,0,0,0,0,0,0,44,88,135,182,177,171,158,144,142,140,160,180,114,48,43,37,29,20,31,41,55,68,53,37,29,20,26,32,32,0,0,0,0,0,0,0,44,88,136,183,178,172,158,144,142,139,160,181,114,48,43,37,28,19,30,42,55,69,53,37,29,21,27,33,33,0,0,0,0,0,0,0,44,88,136,184,179,173,159,144,141,138,160,181,115,48,43,37,28,18,30,42,56,69,53,37,29,21,27,33,33,0,0,0,0,0,0,0,44,88,136,184,179,173,159,144,141,138,160,181,115,48,43,37,28,18,30,42,56,69,53,37,29,21,27,33,33]",116,977.1,
1787125310470,185.0,"(2, 10)",85.3,116,"[0,0,0,0,0,0,0,44,88,136,183,177,171,158,144,143,141,161,180,114,48,43,37,29,21,32,42,56,69,53,37,30,23,28,33,33,0,0,0,0,0,0,0,45,90,137,184,179,173,159,144,142,141,161,182,115,49,43,38,29,21,32,42,56,69,53,38,30,23,28,33,33,0,0,0,0,0,0,0,46,91,138,185,180,175,160,144,142,140,162,183,116,49,44,38,30,21,32,42,56,69,54,38,31,23,28,33,33,0,0,0,0,0,0,0,46,91,138,185,180,175,160,144,142,140,162,183,116,49,44,38,30,21,32,42,56,69,54,38,31,23,28,33,33]",116,988.9,
1787125310552,185.0,"(2, 10)",85.3,116,"[0,0,0,0,0,0,0,44,88,136,183,177,171,158,144,143,141,161,180,114,48,43,37,29,21,32,42,56,69,53,37,30,23,28,33,33,0,0,0,0,0,0,0,45,90,137,184,179,173,159,145,143,141,161,181,115,49,43,38,29,21,32,42,56,69,53,38,30,23,28,33,33,0,0,0,0,0,0,0,46,91,138,185,180,175,161,146,143,140,161,182,116,49,44,38,30,21,32,42,56,69,54,38,31,23,28,33,33,0,0,0,0,0,0,0,46,91,138,185,180,175,161,146,143,140,161,182,116,49,44,38,30,21,32,42,56,69,54,38,31,23,28,33,33]",116,989.4,
1787125310636,186.0,"(2, 10)",85.5,116,"[0,0,0,0,0,0,0,44,88,136,183,177,171,158,144,142,140,160,180,114,48,43,37,29,21,32,42,56,69,54,39,31,23,28,33,33,0,0,0,0,0,0,0,45,90,137,185,179,173,159,145,143,140,161,181,115,49,43,38,29,21,32,42,56,70,55,40,31,23,28,33,33,0,0,0,0,0,0,0,46,91,139,186,181,175,161,146,143,140,161,182,116,49,44,38,30,21,32,42,56,70,55,40,32,23,28,33,33,0,0,0,0,0,0,0,46,91,139,186,181,175,161,146,143,140,161,182,116,49,44,38,30,21,32,42,56,70,55,40,32,23,28,33,33]",116,991.7,
1787125310720,183.0,"(2, 10)",84.3,116,"[0,0,0,0,0,0,0,44,87,134,181,176,170,157,143,141,138,159,179,114,48,43,37,29,20,31,41,55,68,53,37,30,23,28,32,32,0,0,0,0,0,0,0,44,88,135,182,177,172,158,144,141,138,159,180,114,48,43,37,29,21,31,42,55,69,53,37,30,23,28,33,33,0,0,0,0,0,0,0,44,88,136,183,178,173,159,144,141,138,159,180,114,48,43,37,29,21,32,42,56,69,53,37,30,23,28,33,33,0,0,0,0,0,0,0,44,88,136,183,178,173,159,144,141,138,159,180,114,48,43,37,29,21,32,42,56,69,53,37,30,23,28,33,33]",116,977.6,
1787125310803,183.0,"(2, 10)",84.3,116,"[0,0,0,0,0,0,0,44,87,134,181,176,170,157,143,141,138,158,178,113,48,44,39,30,20,31,41,55,68,53,37,30,23,28,32,32,0,0,0,0,0,0,0,44,88,135,182,177,172,158,144,141,138,159,179,114,48,44,39,30,21,31,42,55,69,53,37,30,22,27,33,33,0,0,0,0,0,0,0,44,88,136,183,178,173,159,144,141,138,159,180,114,48,44,39,30,21,32,42,56,69,53,37,29,21,27,33,33,0,0,0,0,0,0,0,44,88,136,183,178,173,159,144,141,138,159,180,114,48,44,39,30,21,32,42,56,69,53,37,29,21,27,33,33]",116,977.8,
1787125310885,183.0,"(2, 10)",84.5,116,"[0,0,0,0,0,0,0,44,88,135,181,176,170,157,144,142,139,160,180,114,48,44,39,30,20,32,44,56,68,53,37,30,23,28,32,32,0,0,0,0,0,0,0,44,88,135,182,177,172,158,144,141,139,159,180,114,48,44,39,30,21,32,43,56,69,53,37,30,22,27,33,33,0,0,0,0,0,0,0,44,88,136,183,178,173,159,144,141,138,159,180,114,48,44,39,30,21,32,42,56,69,53,37,29,21,27,33,33,0,0,0,0,0,0,0,44,88,136,183,178,173,159,144,141,138,159,180,114,48,44,39,30,21,32,42,56,69,53,37,29,21,27,33,33]",116,979.8,
1787125310969,184.0,"(2, 10)",84.7,116,"[0,0,0,0,0,0,0,44,87,134,181,175,169,156,143,141,138,159,179,114,48,44,39,30,20,31,41,55,68,53,37,30,23,28,32,32,0,0,0,0,0,0,0,44,88,135,183,177,172,158,144,141,139,159,180,114,49,44,40,30,21,31,42,55,69,53,37,30,23,28,33,33,0,0,0,0,0,0,0,45,89,137,184,179,174,160,145,142,139,160,181,115,49,45,40,31,21,32,42,56,69,53,37,30,23,28,33,33,0,0,0,0,0,0,0,45,89,137,184,179,174,160,145,142,139,160,181,115,49,45,40,31,21,32,42,56,69,53,37,30,23,28,33,33]",116,982.7,
1787125311052,184.0,"(0, 10)",83.3,120,"[0,0,0,0,0,7,13,52,90,137,184,178,172,159,146,144,142,162,182,116,49,45,40,31,21,33,45,58,70,54,38,31,23,28,33,33,0,0,0,0,0,3,7,48,90,137,184,179,174,160,146,144,141,162,182,116,49,45,40,31,21,33,45,57,70,54,38,31,23,28,33,33,0,0,0,0,0,0,0,45,89,137,184,180,175,161,146,143,140,161,182,116,49,45,40,31,21,33,44,57,69,54,38,31,23,28,33,33,0,0,0,0,0,0,0,45,89,137,184,180,175,161,146,143,140,161,182,116,49,45,40,31,21,33,44,57,69,54,38,31,23,28,33,33]",120,999.6,
1787125311136,183.0,"(2, 10)",85.1,116,"[0,0,0,0,0,0,0,44,87,134,181,175,169,156,143,141,138,158,178,113,48,44,39,30,20,32,43,56,68,53,37,30,23,28,32,32,0,0,0,0,0,0,0,44,88,135,182,177,172,158,145,142,139,160,180,114,49,44,40,30,21,32,44,57,70,54,38,30,23,28,33,33,0,0,0,0,0,0,0,45,89,136,183,179,175,161,146,143,140,161,182,116,49,45,40,31,21,33,44,58,71,55,38,31,23,28,33,33,0,0,0,0,0,0,0,45,89,136,183,179,175,161,146,143,140,161,182,116,49,45,40,31,21,33,44,58,71,55,38,31,23,28,33,33]",116,987.2,
1787125311219,183.0,"(2, 10)",84.8,116,"[0,0,0,0,0,0,0,43,85,132,178,174,169,155,141,139,137,157,177,112,47,43,39,30,20,32,43,55,67,52,36,29,22,27,32,32,0,0,0,0,0,0,0,44,87,134,181,176,172,158,144,141,139,159,180,114,49,44,40,30,21,32,44,56,68,53,37,30,23,28,33,33,0,0,0,0,0,0,0,45,89,136,183,179,175,161,146,143,140,161,182,117,51,46,40,31,21,33,44,57,69,54,38,31,23,28,33,33,0,0,0,0,0,0,0,45,89,136,183,179,175,161,146,143,140,161,182,117,51,46,40,31,21,33,44,57,69,54,38,31,23,28,33,33]",116,983.3,
1787125311302,182.0,"(2, 10)",84.1,116,"[0,0,0,0,0,0,0,43,85,132,178,174,169,155,141,139,137,157,177,112,47,43,39,30,20,32,43,55,67,52,36,29,22,27,32,32,0,0,0,0,0,0,0,43,87,133,180,176,171,157,143,140,137,158,178,113,48,43,39,30,21,32,44,56,69,53,37,30,23,28,33,33,0,0,0,0,0,0,0,44,88,135,182,178,173,159,144,141,137,158,179,114,48,44,39,30,21,33,44,57,70,54,37,30,23,28,33,33,0,0,0,0,0,0,0,44,88,135,182,178,173,159,144,141,137,158,179,114,48,44,39,30,21,33,44,57,70,54,37,30,23,28,33,33]",116,975.2,
1787125311385,182.0,"(2, 10)",84.2,116,"[0,0,0,0,0,0,0,43,85,132,179,174,169,155,141,140,138,158,177,112,47,43,39,30,20,32,43,56,69,53,37,30,23,28,32,32,0,0,0,0,0,0,0,43,87,134,181,176,171,157,143,140,138,158,178,113,48,43,39,30,21,32,44,57,70,53,37,30,23,28,33,33,0,0,0,0,0,0,0,44,88,135,182,178,173,159,144,141,137,158,179,114,48,44,39,30,21,33,44,57,70,54,37,30,23,28,33,33,0,0,0,0,0,0,0,44,88,135,182,178,173,159,144,141,137,158,179,114,48,44,39,30,21,33,44,57,70,54,37,30,23,28,33,33]",116,976.9,
1787125311468,181.0,"(0, 10)",84.4,116,"[0,0,0,0,0,0,0,41,82,132,181,176,170,156,142,140,138,158,177,114,50,46,41,32,23,33,43,57,70,52,34,29,23,29,34,34,0,0,0,0,0,0,0,42,83,132,181,176,172,157,143,140,138,158,178,114,50,46,41,31,22,33,44,57,70,53,36,29,23,29,35,35,0,0,0,0,0,0,0,42,84,133,181,177,173,158,143,140,137,158,178,114,50,46,41,31,20,32,44,57,70,54,37,30,23,29,35,35,0,0,0,0,0,0,0,42,84,133,181,177,173,158,143,140,137,158,178,114,50,46,41,31,20,32,44,57,70,54,37,30,23,29,35,35]",116,978.9,
1787125311551,181.0,"(0, 10)",84.3,116,"[0,0,0,0,0,0,0,42,84,133,181,176,171,157,143,141,138,158,178,114,50,46,41,32,23,34,44,57,70,54,37,30,23,29,35,35,0,0,0,0,0,0,0,42,84,133,181,176,171,157,143,140,137,157,178,114,50,46,41,32,23,33,44,57,70,53,36,29,23,29,35,35,0,0,0,0,0,0,0,42,84,133,181,176,171,157,142,139,136,157,177,114,50,46,41,32,23,33,43,57,70,52,34,29,23,29,34,34,0,0,0,0,0,0,0,42,84,133,181,176,171,157,142,139,136,157,177,114,50,46,41,32,23,33,43,57,70,52,34,29,23,29,34,34]",116,978.3,
1787125311634,183.0,"(2, 10)",85.1,116,"[0,0,0,0,0,0,0,42,84,133,181,176,170,156,141,139,137,157,177,114,50,46,41,32,23,33,43,57,70,54,37,30,23,29,34,34,0,0,0,0,0,0,0,42,85,133,182,177,173,158,143,140,138,158,178,114,51,46,41,32,23,33,44,58,72,54,37,30,23,29,35,35,0,0,0,0,0,0,0,43,85,134,183,179,175,160,144,141,138,159,179,115,51,46,40,32,23,34,44,59,73,55,37,30,23,29,35,35,0,0,0,0,0,0,0,43,85,134,183,179,175,160,144,141,138,159,179,115,51,46,40,32,23,34,44,59,73,55,37,30,23,29,35,35]",116,986.9,
1787125311717,184.0,"(2, 10)",85.4,116,"[0,0,0,0,0,0,0,42,84,133,181,176,171,157,143,141,138,158,178,114,50,46,41,32,23,34,44,57,70,54,37,30,23,29,35,35,0,0,0,0,0,0,0,43,85,134,183,178,173,158,144,141,138,159,179,115,51,46,41,32,23,34,44,58,72,55,38,30,23,29,35,35,0,0,0,0,0,0,0,43,86,135,184,180,175,160,144,141,138,159,180,116,51,46,40,32,23,34,44,59,73,56,38,31,23,29,35,35,0,0,0,0,0,0,0,43,86,135,184,180,175,160,144,141,138,159,180,116,51,46,40,32,23,34,44,59,73,56,38,31,23,29,35,35]",116,991.2,
1787125311800,184.0,"(2, 10)",85.7,116,"[0,0,0,0,0,0,0,42,84,133,181,176,170,156,142,140,137,157,177,113,48,45,41,32,23,33,43,57,70,54,37,30,23,29,34,34,0,0,0,0,0,0,0,43,86,134,183,178,173,158,144,141,138,159,179,114,50,46,42,32,23,34,44,58,72,55,38,30,23,29,35,35,0,0,0,0,0,0,0,44,88,136,184,180,176,161,145,142,139,160,181,116,51,47,42,33,23,34,45,60,74,56,38,31,23,30,36,36,0,0,0,0,0,0,0,44,88,136,184,180,176,161,145,142,139,160,181,116,51,47,42,33,23,34,45,60,74,56,38,31,23,30,36,36]",116,993.9,
1787125311883,183.0,"(2, 10)",85.1,116,"[0,0,0,0,0,0,0,41,82,131,180,175,170,156,142,140,137,157,177,114,50,46,41,32,23,33,43,58,72,55,37,30,23,29,34,34,0,0,0,0,0,0,0,42,83,132,182,177,173,158,143,140,138,158,178,114,51,46,42,32,23,33,44,58,73,55,37,30,23,29,35,35,0,0,0,0,0,0,0,42,84,134,183,179,175,160,144,141,138,159,179,115,51,47,42,33,23,34,44,59,73,55,37,30,23,29,35,35,0,0,0,0,0,0,0,42,84,134,183,179,175,160,144,141,138,159,179,115,51,47,42,33,23,34,44,59,73,55,37,30,23,29,35,35]",116,987.2,
1787125311966,180.0,"(2, 10)",83.9,116,"[0,0,0,0,0,0,0,39,78,128,178,173,168,154,139,137,135,155,175,112,49,45,40,31,22,33,43,57,70,53,36,29,22,28,34,34,0,0,0,0,0,0,0,40,80,129,179,175,171,156,141,139,136,156,177,113,50,45,41,32,23,33,44,57,71,54,37,30,23,29,35,35,0,0,0,0,0,0,0,41,81,131,180,177,173,158,143,140,137,158,178,114,50,46,41,32,23,34,44,58,72,55,37,30,23,29,35,35,0,0,0,0,0,0,0,41,81,131,180,177,173,158,143,140,137,158,178,114,50,46,41,32,23,34,44,58,72,55,37,30,23,29,35,35]",116,973.8,
1787125312049,182.0,"(2, 10)",84.7,116,"[0,0,0,0,0,0,0,41,81,131,180,176,171,157,142,140,137,157,177,114,50,46,41,32,23,33,43,58,72,55,37,30,23,29,34,34,0,0,0,0,0,0,0,41,81,131,181,177,173,158,143,140,137,158,178,114,50,46,42,32,23,33,44,58,72,55,37,30,23,29,35,35,0,0,0,0,0,0,0,41,81,132,182,178,174,159,143,140,137,158,179,115,50,46,42,33,23,34,44,58,72,55,37,30,23,29,35,35,0,0,0,0,0,0,0,41,81,132,182,178,174,159,143,140,137,158,179,115,50,46,42,33,23,34,44,58,72,55,37,30,23,29,35,35]",116,983.0,
1787125312132,182.0,"(2, 10)",84.5,116,"[0,0,0,0,0,0,0,40,80,130,179,175,170,156,141,139,137,157,177,113,49,45,41,32,23,33,43,56,69,53,37,30,23,29,34,34,0,0,0,0,0,0,0,40,81,131,181,176,172,157,142,140,137,158,178,114,50,46,42,32,23,33,44,57,71,54,37,30,23,29,35,35,0,0,0,0,0,0,0,41,81,132,182,178,174,159,143,140,137,158,179,115,50,46,42,33,23,34,44,58,72,55,37,30,23,29,35,35,0,0,0,0,0,0,0,41,81,132,182,178,174,159,143,140,137,158,179,115,50,46,42,33,23,34,44,58,72,55,37,30,23,29,35,35]",116,980.3,
1787125312215,180.0,"(1, 10)",84.0,116,"[0,0,0,0,0,0,0,39,78,129,179,175,170,156,141,139,137,157,177,113,49,45,41,32,23,33,43,57,71,54,37,30,23,29,34,34,0,0,0,0,0,0,0,39,79,129,180,176,172,157,142,139,137,157,177,113,50,45,41,32,23,33,43,57,72,54,37,30,23,29,34,34,0,0,0,0,0,0,0,40,79,130,180,177,173,158,142,139,136,157,177,114,50,46,41,32,23,33,43,58,72,55,37,30,23,29,34,34,0,0,0,0,0,0,0,40,79,130,180,177,173,158,142,139,136,157,177,114,50,46,41,32,23,33,43,58,72,55,37,30,23,29,34,34]",116,974.3,
1787125312298,181.0,"(2, 10)",84.2,116,"[0,0,0,0,0,0,0,39,78,128,177,173,168,154,140,138,135,155,175,112,49,45,40,31,22,33,43,57,70,53,36,29,22,28,34,34,0,0,0,0,0,0,0,40,80,129,179,175,171,156,142,139,136,157,177,113,50,45,41,32,23,33,44,58,72,54,37,30,23,29,35,35,0,0,0,0,0,0,0,41,81,131,181,178,174,159,143,140,137,158,179,115,50,46,42,33,23,34,44,59,74,56,37,30,23,29,35,35,0,0,0,0,0,0,0,41,81,131,181,178,174,159,143,140,137,158,179,115,50,46,42,33,23,34,44,59,74,56,37,30,23,29,35,35]",116,976.7,
1787125312381,181.0,"(2, 10)",84.0,116,"[0,0,0,0,0,0,0,39,77,127,176,172,167,153,138,137,135,155,175,112,49,45,40,31,22,32,42,56,70,53,36,29,22,28,34,34,0,0,0,0,0,0,0,40,79,129,179,175,171,156,141,138,136,157,177,113,50,45,41,32,23,32,42,57,72,54,37,30,23,29,35,35,0,0,0,0,0,0,0,41,81,131,181,178,174,159,143,140,137,158,179,115,50,46,42,33,23,33,42,58,74,56,37,30,23,29,35,35,0,0,0,0,0,0,0,41,81,131,181,178,174,159,143,140,137,158,179,115,50,46,42,33,23,33,42,58,74,56,37,30,23,29,35,35]",116,974.0,
1787125312464,180.0,"(2, 10)",83.9,116,"[0,0,0,0,0,0,0,39,78,128,177,173,168,154,140,138,135,155,175,112,49,45,40,31,22,33,43,57,70,53,36,29,22,28,34,34,0,0,0,0,0,0,0,40,80,129,179,175,171,156,142,139,136,156,177,113,50,45,41,31,21,32,44,58,72,54,37,30,23,29,35,35,0,0,0,0,0,0,0,41,81,131,180,177,173,158,143,140,137,158,178,114,50,46,41,31,20,32,44,59,74,56,37,30,23,29,35,35,0,0,0,0,0,0,0,41,81,131,180,177,173,158,143,140,137,158,178,114,50,46,41,31,20,32,44,59,74,56,37,30,23,29,35,35]",116,973.4,
1787125312547,179.0,"(2, 10)",83.1,116,"[0,0,0,0,0,0,0,38,75,126,176,172,167,154,140,138,135,155,175,112,49,45,40,31,22,32,42,56,70,53,36,29,22,28,34,34,0,0,0,0,0,0,0,38,76,127,178,173,169,155,141,138,135,156,176,113,49,45,41,32,23,33,43,57,72,54,37,30,23,28,34,34,0,0,0,0,0,0,0,39,77,128,179,175,171,156,141,138,135,156,177,113,49,45,41,32,23,33,43,58,73,55,37,30,23,29,34,34,0,0,0,0,0,0,0,39,77,128,179,175,171,156,141,138,135,156,177,113,49,45,41,32,23,33,43,58,73,55,37,30,23,29,34,34]",116,964.4,
1787125312630,180.0,"(2, 10)",83.8,116,"[0,0,0,0,0,0,0,37,74,126,178,174,169,155,141,139,137,157,176,113,49,45,41,33,25,35,45,58,71,54,36,29,22,28,34,34,0,0,0,0,0,0,0,38,76,127,179,175,171,156,142,139,137,157,177,113,50,45,41,33,24,34,44,58,72,54,37,30,23,28,34,34,0,0,0,0,0,0,0,39,77,129,180,177,173,158,142,139,136,157,177,114,50,46,41,32,23,33,43,58,73,55,37,30,23,29,34,34,0,0,0,0,0,0,0,39,77,129,180,177,173,158,142,139,136,157,177,114,50,46,41,32,23,33,43,58,73,55,37,30,23,29,34,34]",116,972.1,
1787125312713,179.0,"(1, 10)",83.4,116,"[0,0,0,0,0,0,0,38,76,127,178,174,169,155,141,139,137,157,176,113,49,45,41,33,25,35,45,58,71,53,34,28,22,28,34,34,0,0,0,0,0,0,0,38,77,128,179,175,171,156,141,139,136,156,177,113,49,45,41,33,24,34,44,58,72,53,34,28,23,28,34,34,0,0,0,0,0,0,0,39,77,128,179,176,172,157,141,138,135,156,177,113,49,45,41,32,23,33,43,58,73,54,34,29,23,29,34,34,0,0,0,0,0,0,0,39,77,128,179,176,172,157,141,138,135,156,177,113,49,45,41,32,23,33,43,58,73,54,34,29,23,29,34,34]",116,967.9,
1787125312796,181.0,"(2, 10)",84.5,116,"[0,0,0,0,0,0,0,38,76,127,178,174,169,155,140,138,136,156,176,113,49,46,43,34,25,35,45,58,71,54,36,29,22,28,34,34,0,0,0,0,0,0,0,39,77,128,180,176,172,157,142,139,137,157,178,114,50,47,44,34,25,35,46,59,73,55,37,30,23,28,34,34,0,0,0,0,0,0,0,39,78,130,181,178,174,159,143,140,137,158,179,115,50,47,44,35,25,36,46,60,74,56,37,30,23,28,33,33,0,0,0,0,0,0,0,39,78,130,181,178,174,159,143,140,137,158,179,115,50,47,44,35,25,36,46,60,74,56,37,30,23,28,33,33]",116,980.5,
1787125312879,179.0,"(0, 10)",84.1,116,"[0,0,0,0,0,0,0,39,77,128,179,175,171,157,142,140,138,158,177,114,50,47,43,34,25,36,46,59,72,53,34,29,23,29,34,34,0,0,0,0,0,0,0,39,77,128,179,176,172,157,142,140,137,157,178,114,50,47,43,34,25,35,45,58,72,53,34,29,23,29,34,34,0,0,0,0,0,0,0,39,77,128,179,176,173,158,142,139,136,157,178,114,50,47,43,34,25,34,43,58,72,53,34,29,23,29,34,34,0,0,0,0,0,0,0,39,77,128,179,176,173,158,142,139,136,157,178,114,50,47,43,34,25,34,43,58,72,53,34,29,23,29,34,34]",116,976.0,
1787125312962,183.0,"(2, 10)",85.2,116,"[0,0,0,0,0,0,0,39,78,128,178,174,169,155,141,139,137,157,177,113,49,46,43,34,25,35,45,58,71,53,34,29,23,29,34,34,0,0,0,0,0,0,0,40,80,130,181,176,172,157,143,140,138,158,179,114,50,47,44,35,26,35,45,59,73,55,36,30,23,29,35,35,0,0,0,0,0,0,0,41,82,133,183,179,175,160,144,141,138,159,180,116,51,48,44,35,26,35,44,60,75,57,38,31,23,29,35,35,0,0,0,0,0,0,0,41,82,133,183,179,175,160,144,141,138,159,180,116,51,48,44,35,26,35,44,60,75,57,38,31,23,29,35,35]",116,988.6,
1787125313046,180.0,"(0, 10)",84.5,116,"[0,0,0,0,0,0,0,41,81,131,180,176,171,156,141,140,138,158,178,114,50,47,44,35,25,36,46,59,72,55,37,30,23,29,35,35,0,0,0,0,0,0,0,41,81,131,180,176,172,157,142,139,137,157,177,114,50,47,44,34,25,35,45,58,72,55,37,30,23,28,34,34,0,0,0,0,0,0,0,41,81,131,180,176,172,157,142,139,136,156,176,113,50,47,43,34,25,34,43,58,72,55,37,30,23,28,32,32,0,0,0,0,0,0,0,41,81,131,180,176,172,157,142,139,136,156,176,113,50,47,43,34,25,34,43,58,72,55,37,30,23,28,32,32]",116,980.4,
1787125313128,182.0,"(2, 10)",85.4,116,"[0,0,0,0,0,0,0,41,81,131,180,176,171,157,143,141,138,158,178,114,50,47,44,36,28,37,46,59,72,55,37,30,23,27,30,30,0,0,0,0,0,0,0,41,82,131,181,177,173,158,144,141,138,158,179,115,51,47,44,36,27,37,46,60,74,55,37,30,23,27,32,32,0,0,0,0,0,0,0,41,82,132,182,178,174,159,144,141,138,159,179,115,51,48,44,35,26,36,46,61,75,56,37,30,23,28,33,33,0,0,0,0,0,0,0,41,82,132,182,178,174,159,144,141,138,159,179,115,51,48,44,35,26,36,46,61,75,56,37,30,23,28,33,33]",116,990.8,
1787125313211,182.0,"(2, 10)",85.3,116,"[0,0,0,0,0,0,0,41,81,131,180,175,170,156,141,139,137,157,176,113,50,47,43,34,25,36,46,59,72,55,37,30,23,29,34,34,0,0,0,0,0,0,0,41,82,131,181,177,172,157,143,140,138,158,178,114,51,47,44,35,26,36,46,60,74,55,37,30,23,28,34,34,0,0,0,0,0,0,0,41,82,132,182,178,174,159,144,141,138,159,179,115,51,48,44,35,26,36,46,61,75,56,37,30,23,28,33,33,0,0,0,0,0,0,0,41,82,132,182,178,174,159,144,141,138,159,179,115,51,48,44,35,26,36,46,61,75,56,37,30,23,28,33,33]",116,989.5,
1787125313294,184.0,"(2, 10)",85.7,116,"[0,0,0,0,0,0,0,40,80,130,179,174,168,154,140,139,137,157,176,113,49,46,43,34,25,35,45,58,71,54,37,30,23,29,34,34,0,0,0,0,0,0,0,41,83,132,182,177,172,157,143,140,138,158,179,114,50,47,44,35,26,36,46,60,73,55,38,30,23,28,34,34,0,0,0,0,0,0,0,43,85,135,184,180,175,160,145,142,139,160,181,116,51,48,45,36,26,37,47,61,75,57,38,31,23,28,33,33,0,0,0,0,0,0,0,43,85,135,184,180,175,160,145,142,139,160,181,116,51,48,45,36,26,37,47,61,75,57,38,31,23,28,33,33]",116,993.7,
1787125313377,183.0,"(2, 10)",85.1,116,"[0,0,0,0,0,0,0,40,80,130,179,174,169,155,140,139,137,157,176,113,49,46,43,34,25,35,45,58,71,54,37,30,23,28,32,32,0,0,0,0,0,0,0,41,82,132,181,176,172,157,142,140,137,157,178,114,50,47,44,35,26,35,45,59,73,55,37,30,23,28,33,33,0,0,0,0,0,0,0,42,84,134,183,179,174,159,144,141,137,158,179,115,51,48,44,35,26,35,44,60,75,56,37,30,23,28,33,33,0,0,0,0,0,0,0,42,84,134,183,179,174,159,144,141,137,158,179,115,51,48,44,35,26,35,44,60,75,56,37,30,23,28,33,33]",116,986.7,
1787125313460,184.0,"(2, 10)",85.6,116,"[0,0,0,0,0,0,0,40,80,130,179,174,169,155,140,139,137,157,176,113,49,46,43,34,25,35,45,58,71,54,37,30,23,28,32,32,0,0,0,0,0,0,0,41,83,132,182,177,172,157,143,140,138,158,179,114,50,47,44,35,26,36,46,60,73,55,38,30,23,28,33,33,0,0,0,0,0,0,0,43,85,135,184,180,175,160,145,142,139,160,181,116,51,48,45,36,26,37,47,61,75,57,38,31,23,28,33,33,0,0,0,0,0,0,0,43,85,135,184,180,175,160,145,142,139,160,181,116,51,48,45,36,26,37,47,61,75,57,38,31,23,28,33,33]",116,993.2,
1787125313543,181.0,"(2, 10)",83.7,116,"[0,0,0,0,0,0,0,40,80,130,179,174,169,155,141,139,136,156,176,112,47,44,41,33,25,34,43,56,69,53,36,29,22,27,32,32,0,0,0,0,0,0,0,41,81,131,180,175,171,156,142,139,136,156,177,113,49,45,41,32,23,33,43,57,71,54,37,30,23,27,32,32,0,0,0,0,0,0,0,41,82,132,181,177,172,157,142,139,136,157,177,114,50,46,41,31,20,32,43,58,72,55,37,30,23,28,32,32,0,0,0,0,0,0,0,41,82,132,181,177,172,157,142,139,136,157,177,114,50,46,41,31,20,32,43,58,72,55,37,30,23,28,32,32]",116,971.1,
1787125313626,182.0,"(2, 10)",84.5,116,"[0,0,0,0,0,0,0,40,80,130,180,175,169,155,141,139,137,157,177,112,47,44,41,33,25,34,43,56,69,53,37,30,23,29,34,34,0,0,0,0,0,0,0,41,82,131,181,176,172,157,142,140,137,158,178,113,48,45,42,33,25,34,44,57,71,54,37,30,23,28,34,34,0,0,0,0,0,0,0,42,83,133,182,178,174,159,143,140,137,158,179,114,48,45,42,34,25,35,44,58,72,55,37,30,23,28,33,33,0,0,0,0,0,0,0,42,83,133,182,178,174,159,143,140,137,158,179,114,48,45,42,34,25,35,44,58,72,55,37,30,23,28,33,33]",116,979.9,
1787125313710,181.0,"(0, 10)",84.5,116,"[0,0,0,0,0,0,0,41,81,131,181,176,170,156,142,140,137,157,177,113,48,45,41,33,25,36,46,58,70,54,37,30,23,29,34,34,0,0,0,0,0,0,0,41,82,132,181,176,172,157,143,140,137,157,178,113,48,45,41,33,25,35,45,58,71,54,37,30,23,28,33,33,0,0,0,0,0,0,0,42,83,132,181,177,173,158,143,140,137,158,178,113,48,45,41,33,25,35,44,58,72,55,37,30,23,28,32,32,0,0,0,0,0,0,0,42,83,132,181,177,173,158,143,140,137,158,178,113,48,45,41,33,25,35,44,58,72,55,37,30,23,28,32,32]",116,979.9,
1787125313792,181.0,"(1, 10)",84.3,116,"[0,0,0,0,0,0,0,40,80,130,180,175,169,155,141,139,137,157,176,112,47,44,41,33,25,35,45,58,71,54,37,30,23,28,32,32,0,0,0,0,0,0,0,41,82,131,181,176,171,157,142,140,137,157,177,112,48,44,41,33,25,35,45,58,72,54,37,30,23,28,32,32,0,0,0,0,0,0,0,42,83,132,181,177,173,158,143,140,137,158,178,113,48,45,41,33,25,35,44,58,72,55,37,30,23,28,32,32,0,0,0,0,0,0,0,42,83,132,181,177,173,158,143,140,137,158,178,113,48,45,41,33,25,35,44,58,72,55,37,30,23,28,32,32]",116,977.3,
1787125313875,183.0,"(2, 10)",84.9,116,"[0,0,0,0,0,0,0,41,81,131,181,176,171,157,143,141,138,158,178,113,48,46,44,36,28,37,46,58,70,54,37,30,23,28,32,32,0,0,0,0,0,0,0,41,82,132,182,177,172,158,143,140,137,158,179,113,48,46,44,35,27,36,46,58,70,54,37,30,23,28,33,33,0,0,0,0,0,0,0,42,83,133,183,178,173,158,143,140,136,158,179,114,48,46,44,35,25,36,46,58,70,54,37,30,23,28,33,33,0,0,0,0,0,0,0,42,83,133,183,178,173,158,143,140,136,158,179,114,48,46,44,35,25,36,46,58,70,54,37,30,23,28,33,33]",116,985.2,
1787125313958,183.0,"(2, 10)",85.1,116,"[0,0,0,0,0,0,0,40,80,130,180,175,169,155,141,139,137,157,177,111,45,44,43,34,25,35,45,57,69,53,37,30,23,28,32,32,0,0,0,0,0,0,0,41,82,132,182,177,172,157,143,140,138,158,179,113,47,45,44,35,27,36,46,58,70,54,38,30,23,28,33,33,0,0,0,0,0,0,0,42,84,134,183,179,175,160,144,141,138,159,180,115,49,47,44,36,28,38,47,59,71,55,38,31,23,28,33,33,0,0,0,0,0,0,0,42,84,134,183,179,175,160,144,141,138,159,180,115,49,47,44,36,28,38,47,59,71,55,38,31,23,28,33,33]",116,987.2,
1787125314041,183.0,"(2, 10)",85.1,116,"[0,0,0,0,0,0,0,40,80,129,178,174,169,155,140,138,136,156,175,111,47,45,43,35,27,36,45,58,71,53,34,28,22,27,32,32,0,0,0,0,0,0,0,41,82,131,181,176,172,157,142,140,137,157,178,113,48,46,44,36,28,37,46,59,72,54,36,29,23,28,33,33,0,0,0,0,0,0,0,42,84,134,183,179,175,160,144,141,138,159,180,115,49,47,44,36,28,38,47,60,73,56,38,31,23,28,33,33,0,0,0,0,0,0,0,42,84,134,183,179,175,160,144,141,138,159,180,115,49,47,44,36,28,38,47,60,73,56,38,31,23,28,33,33]",116,987.1,
1787125314124,183.0,"(2, 10)",85.3,116,"[0,0,0,0,0,0,0,40,80,130,179,174,169,155,140,139,137,157,176,112,47,45,43,35,27,36,45,58,71,54,37,30,23,28,32,32,0,0,0,0,0,0,0,41,82,132,181,177,172,157,142,140,138,158,178,113,48,46,44,36,28,37,46,59,72,55,38,30,23,28,33,33,0,0,0,0,0,0,0,42,84,134,183,179,175,160,144,141,138,159,180,115,49,47,44,36,28,38,47,60,73,56,38,31,23,28,33,33,0,0,0,0,0,0,0,42,84,134,183,179,175,160,144,141,138,159,180,115,49,47,44,36,28,38,47,60,73,56,38,31,23,28,33,33]",116,989.4,
1787125314207,183.0,"(2, 10)",85.1,116,"[0,0,0,0,0,0,0,40,80,129,178,174,169,155,140,138,136,156,175,111,47,45,43,34,25,35,45,58,71,54,36,29,22,27,32,32,0,0,0,0,0,0,0,41,82,131,181,176,172,157,142,140,137,157,178,113,48,46,44,35,27,36,46,59,72,55,37,30,23,28,33,33,0,0,0,0,0,0,0,42,84,134,183,179,175,160,144,141,138,159,180,115,49,47,44,36,28,38,47,60,73,56,38,31,23,28,33,33,0,0,0,0,0,0,0,42,84,134,183,179,175,160,144,141,138,159,180,115,49,47,44,36,28,38,47,60,73,56,38,31,23,28,33,33]",116,987.1,
1787125314291,183.0,"(2, 10)",85.2,116,"[0,0,0,0,0,0,0,41,81,131,180,175,170,156,142,140,137,157,177,113,48,46,43,34,25,36,46,59,72,55,37,30,23,28,32,32,0,0,0,0,0,0,0,41,83,132,182,177,172,158,143,140,138,158,178,113,49,46,44,35,26,36,46,59,73,55,37,30,23,28,33,33,0,0,0,0,0,0,0,42,84,134,183,179,174,159,144,141,138,159,179,114,49,47,44,35,26,36,46,60,73,55,37,30,23,28,33,33,0,0,0,0,0,0,0,42,84,134,183,179,174,159,144,141,138,159,179,114,49,47,44,35,26,36,46,60,73,55,37,30,23,28,33,33]",116,988.4,
1787125314370,183.0,"(0, 10)",82.1,120,"[0,0,0,0,0,7,13,48,82,133,183,178,173,159,144,142,140,160,179,113,46,43,40,32,23,35,46,59,71,54,37,30,23,28,33,33,0,0,0,0,0,3,7,45,83,133,183,178,173,158,144,141,139,159,179,113,47,43,40,31,23,34,45,58,72,54,37,30,23,28,33,33,0,0,0,0,0,0,0,42,83,133,182,178,173,158,143,140,137,158,178,113,48,44,39,31,23,34,44,58,72,55,37,30,23,28,32,32,0,0,0,0,0,0,0,42,83,133,182,178,173,158,143,140,137,158,178,113,48,44,39,31,23,34,44,58,72,55,37,30,23,28,32,32]",120,985.2,
1787125314452,184.0,"(2, 10)",85.1,116,"[0,0,0,0,0,0,0,41,82,132,181,176,170,156,142,140,137,157,177,113,48,45,41,32,23,35,46,59,72,55,37,30,23,28,32,32,0,0,0,0,0,0,0,42,83,133,183,177,172,158,143,140,138,158,178,113,49,45,42,32,23,35,46,59,73,56,39,31,23,28,33,33,0,0,0,0,0,0,0,42,84,134,184,179,174,159,144,141,138,159,179,114,49,46,42,33,23,35,46,60,73,57,40,32,23,28,33,33,0,0,0,0,0,0,0,42,84,134,184,179,174,159,144,141,138,159,179,114,49,46,42,33,23,35,46,60,73,57,40,32,23,28,33,33]",116,987.5,
1787125314537,184.0,"(1, 10)",83.2,120,"[0,0,0,0,0,7,13,49,84,134,183,178,173,158,143,142,140,160,179,113,47,45,42,34,26,37,47,60,73,56,38,31,23,29,35,35,0,0,0,0,0,3,7,45,84,134,184,179,174,159,144,141,139,159,179,114,48,45,42,33,25,36,47,60,73,56,39,31,23,29,34,34,0,0,0,0,0,0,0,42,84,134,184,179,174,159,144,141,138,159,179,114,49,46,42,33,23,35,46,60,73,57,40,32,23,28,33,33,0,0,0,0,0,0,0,42,84,134,184,179,174,159,144,141,138,159,179,114,49,46,42,33,23,35,46,60,73,57,40,32,23,28,33,33]",120,998.2,
1787125314618,184.0,"(2, 10)",84.3,116,"[0,0,0,0,0,0,0,41,82,132,181,176,170,156,141,139,137,157,177,111,45,42,39,31,23,33,43,57,71,54,37,30,23,28,32,32,0,0,0,0,0,0,0,42,84,133,183,177,172,157,142,140,137,158,178,112,46,42,39,31,23,33,44,58,72,54,37,30,23,28,33,33,0,0,0,0,0,0,0,43,85,135,184,179,174,159,143,140,137,158,179,113,46,43,39,31,23,34,44,58,72,55,37,30,23,28,33,33,0,0,0,0,0,0,0,43,85,135,184,179,174,159,143,140,137,158,179,113,46,43,39,31,23,34,44,58,72,55,37,30,23,28,33,33]",116,977.7,
1787125314702,183.0,"(2, 10)",84.0,116,"[0,0,0,0,0,0,0,41,82,132,181,175,169,155,141,139,137,157,177,111,45,42,39,31,23,33,43,57,71,55,39,31,23,28,32,32,0,0,0,0,0,0,0,42,83,133,182,177,171,157,142,140,137,157,178,112,47,43,39,30,21,32,44,58,72,55,38,31,23,28,32,32,0,0,0,0,0,0,0,42,84,134,183,178,173,158,143,140,137,158,178,113,48,44,39,29,18,31,44,58,72,55,37,30,23,28,32,32,0,0,0,0,0,0,0,42,84,134,183,178,173,158,143,140,137,158,178,113,48,44,39,29,18,31,44,58,72,55,37,30,23,28,32,32]",116,973.9,
1787125314785,182.0,"(0, 10)",81.8,120,"[0,0,0,0,0,7,13,48,83,133,182,177,171,156,141,140,138,158,177,112,46,43,39,31,23,35,46,58,70,54,37,30,23,28,32,32,0,0,0,0,0,3,7,45,83,133,182,177,172,157,142,140,138,158,178,112,46,43,39,31,23,35,46,59,71,54,37,30,23,28,32,32,0,0,0,0,0,0,0,42,83,133,182,178,173,158,143,140,137,158,178,112,46,43,39,31,23,35,46,59,72,55,37,30,23,28,32,32,0,0,0,0,0,0,0,42,83,133,182,178,173,158,143,140,137,158,178,112,46,43,39,31,23,35,46,59,72,55,37,30,23,28,32,32]",120,981.5,
1787125314869,184.0,"(2, 10)",84.3,116,"[0,0,0,0,0,0,0,40,80,130,180,175,169,155,140,138,136,156,175,110,45,43,41,32,22,34,45,58,71,54,36,29,22,28,34,34,0,0,0,0,0,0,0,41,82,132,182,177,172,157,142,139,136,157,177,111,46,44,42,32,23,34,46,59,72,54,37,30,23,28,34,34,0,0,0,0,0,0,0,42,83,134,184,179,174,159,143,140,136,158,179,113,46,44,42,33,23,35,46,59,72,55,37,30,23,28,33,33,0,0,0,0,0,0,0,42,83,134,184,179,174,159,143,140,136,158,179,113,46,44,42,33,23,35,46,59,72,55,37,30,23,28,33,33]",116,978.1,
1787125314954,182.0,"(2, 10)",83.6,116,"[0,0,0,0,0,0,0,40,79,129,179,174,168,154,139,137,135,155,174,110,45,43,40,31,22,34,45,58,70,53,36,29,22,28,34,34,0,0,0,0,0,0,0,40,80,130,181,176,171,156,141,138,135,155,176,111,46,43,41,32,23,34,46,58,71,54,37,30,23,28,33,33,0,0,0,0,0,0,0,41,81,132,182,178,173,158,142,139,135,156,177,112,46,44,41,32,23,35,46,59,72,55,37,30,23,28,32,32,0,0,0,0,0,0,0,41,81,132,182,178,173,158,142,139,135,156,177,112,46,44,41,32,23,35,46,59,72,55,37,30,23,28,32,32]",116,970.1,
1787125315036,186.0,"(2, 10)",82.0,122,"[0,0,0,0,0,0,0,40,80,130,180,175,169,155,140,139,137,157,176,111,45,43,41,33,25,36,47,59,71,54,37,30,23,29,34,34,0,0,0,0,0,3,7,44,82,132,183,178,173,158,143,140,138,158,178,113,47,45,42,34,26,36,47,60,74,56,38,31,24,29,35,35,0,0,0,0,0,7,13,48,83,135,186,181,176,161,145,142,139,160,180,115,49,46,43,35,26,37,47,62,76,57,38,31,24,30,36,36,0,0,0,0,0,7,13,48,83,135,186,181,176,161,145,142,139,160,180,115,49,46,43,35,26,37,47,62,76,57,38,31,24,30,36,36]",122,1000.7,
1787125315118,184.0,"(2, 10)",85.2,116,"[0,0,0,0,0,0,0,40,80,130,180,175,169,155,140,138,135,155,175,110,45,44,43,34,25,36,47,60,73,55,37,30,23,29,34,34,0,0,0,0,0,0,0,41,81,132,182,177,172,157,142,139,136,156,177,112,47,45,44,35,26,37,48,61,74,56,37,30,23,29,35,35,0,0,0,0,0,0,0,41,82,133,184,179,174,159,143,140,137,158,178,114,49,47,44,35,26,38,49,62,75,56,37,30,23,29,35,35,0,0,0,0,0,0,0,41,82,133,184,179,174,159,143,140,137,158,178,114,49,47,44,35,26,38,49,62,75,56,37,30,23,29,35,35]",116,988.1,
1787125315203,183.0,"(2, 10)",84.9,116,"[0,0,0,0,0,0,0,41,81,131,181,176,170,156,141,139,136,156,175,112,48,46,43,34,25,37,48,61,73,55,37,30,23,29,34,34,0,0,0,0,0,0,0,41,81,132,182,177,172,157,142,139,136,156,177,112,48,46,44,34,25,36,47,60,74,55,37,30,23,29,35,35,0,0,0,0,0,0,0,41,81,132,183,178,173,158,142,139,136,157,178,113,48,46,44,35,25,36,46,60,74,56,37,30,23,29,35,35,0,0,0,0,0,0,0,41,81,132,183,178,173,158,142,139,136,157,178,113,48,46,44,35,25,36,46,60,74,56,37,30,23,29,35,35]",116,985.4,
1787125315286,183.0,"(2, 10)",84.6,116,"[0,0,0,0,0,0,0,40,80,130,179,174,169,155,140,138,135,155,174,110,45,44,43,34,25,36,47,59,71,54,36,29,22,28,34,34,0,0,0,0,0,0,0,41,82,131,181,176,171,156,141,138,136,156,176,111,46,45,44,34,25,36,47,60,73,55,37,30,23,29,35,35,0,0,0,0,0,0,0,42,83,133,183,178,173,158,142,139,136,157,178,112,46,45,44,35,25,36,46,60,74,56,37,30,23,29,35,35,0,0,0,0,0,0,0,42,83,133,183,178,173,158,142,139,136,157,178,112,46,45,44,35,25,36,46,60,74,56,37,30,23,29,35,35]",116,981.0,
1787125315369,182.0,"(2, 10)",84.4,116,"[0,0,0,0,0,0,0,40,80,130,179,174,169,155,140,138,135,155,174,110,45,44,43,34,25,36,47,59,71,54,36,29,22,28,34,34,0,0,0,0,0,0,0,41,82,131,181,176,171,156,141,138,135,155,175,110,46,45,44,34,25,36,47,60,73,55,37,30,23,29,35,35,0,0,0,0,0,0,0,42,83,133,182,178,173,157,141,138,135,156,176,111,46,45,44,35,25,36,46,60,74,56,37,30,23,29,35,35,0,0,0,0,0,0,0,42,83,133,182,178,173,157,141,138,135,156,176,111,46,45,44,35,25,36,46,60,74,56,37,30,23,29,35,35]",116,978.8,
1787125315452,183.0,"(0, 10)",82.6,120,"[0,0,0,0,0,7,13,48,82,133,183,178,172,158,143,141,138,158,177,112,46,45,44,35,26,38,49,61,73,55,37,30,23,29,35,35,0,0,0,0,0,3,7,44,82,132,183,178,173,157,142,139,136,157,177,112,46,45,44,35,26,37,49,61,74,55,37,30,23,29,35,35,0,0,0,0,0,0,0,41,81,132,182,178,173,157,141,138,134,156,177,112,46,45,44,35,25,37,48,61,74,56,37,30,23,29,35,35,0,0,0,0,0,0,0,41,81,132,182,178,173,157,141,138,134,156,177,112,46,45,44,35,25,37,48,61,74,56,37,30,23,29,35,35]",120,991.1,
1787125315535,182.0,"(2, 10)",84.3,116,"[0,0,0,0,0,0,0,39,78,129,179,174,169,155,140,138,136,155,174,110,45,44,43,34,25,36,47,59,71,54,36,29,22,28,34,34,0,0,0,0,0,0,0,40,80,130,181,176,171,156,141,138,136,156,176,111,46,45,44,34,25,36,48,60,72,54,37,30,23,29,35,35,0,0,0,0,0,0,0,41,81,132,182,178,173,157,141,138,135,156,177,112,46,45,44,35,25,37,48,60,72,55,37,30,23,29,35,35,0,0,0,0,0,0,0,41,81,132,182,178,173,157,141,138,135,156,177,112,46,45,44,35,25,37,48,60,72,55,37,30,23,29,35,35]",116,978.0,
1787125315618,183.0,"(0, 10)",82.0,120,"[0,0,0,0,0,7,13,47,80,132,183,178,172,158,143,141,138,158,177,112,46,45,44,36,28,39,49,61,73,55,37,30,23,29,35,35,0,0,0,0,0,3,7,43,79,130,182,177,172,157,142,139,136,156,176,111,46,45,44,36,28,38,48,61,73,55,37,30,23,29,35,35,0,0,0,0,0,0,0,39,78,129,180,176,171,156,140,137,133,154,175,110,45,44,43,35,27,37,47,60,73,55,37,30,23,29,34,34,0,0,0,0,0,0,0,39,78,129,180,176,171,156,140,137,133,154,175,110,45,44,43,35,27,37,47,60,73,55,37,30,23,29,34,34]",120,983.9,
1787125315701,182.0,"(0, 10)",81.8,120,"[0,0,0,0,0,7,13,47,80,131,182,177,171,156,141,139,137,157,176,111,46,45,44,36,28,38,48,61,74,56,37,30,23,29,35,35,0,0,0,0,0,3,7,43,79,130,181,176,171,156,141,138,135,155,176,111,46,45,44,36,28,38,48,61,74,55,37,30,23,29,35,35,0,0,0,0,0,0,0,39,78,129,180,176,171,156,140,137,133,154,175,110,45,44,43,35,27,37,47,60,73,55,37,30,23,29,34,34,0,0,0,0,0,0,0,39,78,129,180,176,171,156,140,137,133,154,175,110,45,44,43,35,27,37,47,60,73,55,37,30,23,29,34,34]",120,981.8,
1787125315784,181.0,"(2, 10)",83.6,116,"[0,0,0,0,0,0,0,38,75,126,177,172,167,152,137,135,133,152,171,108,44,43,42,35,27,37,46,59,71,54,36,29,22,28,33,33,0,0,0,0,0,0,0,39,77,128,179,174,170,154,139,136,134,153,173,109,45,44,43,35,27,37,47,60,73,55,37,30,23,28,34,34,0,0,0,0,0,0,0,40,79,130,181,177,172,157,141,138,134,155,175,111,46,45,43,35,27,38,48,62,75,56,37,30,23,29,34,34,0,0,0,0,0,0,0,40,79,130,181,177,172,157,141,138,134,155,175,111,46,45,43,35,27,38,48,62,75,56,37,30,23,29,34,34]",116,970.3,
1787125315867,180.0,"(0, 10)",81.6,120,"[0,0,0,0,0,7,13,45,76,128,180,176,171,156,140,139,137,156,175,111,46,45,44,36,28,38,48,62,76,58,39,32,25,30,35,35,0,0,0,0,0,3,7,41,75,127,179,175,171,155,139,137,135,154,174,110,47,45,44,36,28,38,48,61,75,57,39,32,25,30,35,35,0,0,0,0,0,0,0,37,74,126,178,175,171,155,138,135,132,153,173,110,47,45,43,35,27,37,47,61,74,57,39,32,25,30,34,34,0,0,0,0,0,0,0,37,74,126,178,175,171,155,138,135,132,153,173,110,47,45,43,35,27,37,47,61,74,57,39,32,25,30,34,34]",120,979.2,
1787125315948,176.0,"(2, 10)",83.2,116,"[0,0,0,0,0,0,0,34,68,121,174,171,167,152,137,135,132,151,170,108,46,45,44,36,27,38,48,62,75,58,40,32,24,30,36,36,0,0,0,0,0,0,0,34,68,122,175,172,169,153,138,135,132,152,171,109,47,46,45,36,27,38,49,62,76,58,40,32,25,30,36,36,0,0,0,0,0,0,0,34,68,122,176,173,170,154,138,135,132,152,172,110,47,46,45,36,27,38,49,63,76,58,40,33,25,31,36,36,0,0,0,0,0,0,0,34,68,122,176,173,170,154,138,135,132,152,172,110,47,46,45,36,27,38,49,63,76,58,40,33,25,31,36,36]",116,965.4,
1787125316033,171.0,"(2, 10)",81.7,116,"[0,0,0,0,0,0,0,31,61,115,169,166,163,148,133,131,128,147,166,107,47,46,45,36,26,38,49,62,75,57,39,33,26,33,39,39,0,0,0,0,0,0,0,31,61,116,170,168,165,149,134,131,128,147,167,107,48,47,46,36,26,38,50,63,76,58,41,33,26,32,38,38,0,0,0,0,0,0,0,31,61,116,171,169,167,151,134,131,127,147,167,108,48,47,46,36,26,38,50,63,76,59,42,34,26,32,37,37,0,0,0,0,0,0,0,31,61,116,171,169,167,151,134,131,127,147,167,108,48,47,46,36,26,38,50,63,76,59,42,34,26,32,37,37]",116,947.9,
1787125316116,161.0,"(2, 11)",75.4,124,"[0,0,0,0,0,6,11,34,56,107,157,157,157,140,122,120,117,135,153,100,47,46,45,37,29,41,53,67,80,63,45,36,27,34,41,41,0,0,0,0,0,6,12,34,57,108,159,159,159,141,124,121,118,136,155,101,48,47,46,38,30,41,53,67,81,63,46,37,29,35,42,42,0,0,0,0,0,6,12,35,58,109,160,161,161,143,125,122,118,137,156,102,48,47,46,38,30,41,52,67,82,64,46,38,30,36,42,42,0,0,0,0,0,6,12,35,58,109,160,161,161,143,125,122,118,137,156,102,48,47,46,38,30,41,52,67,82,64,46,38,30,36,42,42]",124,934.7,
1787125316199,152.0,"(2, 12)",77.1,116,"[0,0,0,0,0,0,0,27,54,101,147,148,149,132,114,112,110,127,143,95,47,47,47,40,32,43,54,68,81,63,45,37,28,36,43,43,0,0,0,0,0,0,0,27,55,102,149,150,151,133,115,112,109,127,145,96,48,48,48,40,32,43,55,69,83,64,46,37,28,36,44,44,0,0,0,0,0,0,0,28,55,103,150,151,152,134,116,112,108,127,146,97,48,48,48,40,32,44,55,70,84,65,46,37,28,36,44,44,0,0,0,0,0,0,0,28,55,103,150,151,152,134,116,112,108,127,146,97,48,48,48,40,32,44,55,70,84,65,46,37,28,36,44,44]",116,894.5,
1787125316282,152.0,"(2, 12)",76.2,116,"[0,0,0,0,0,0,0,26,52,100,148,149,150,133,115,113,110,127,144,97,49,47,45,38,30,42,54,67,80,63,45,37,28,35,41,41,0,0,0,0,0,0,0,26,52,100,148,150,151,133,115,112,109,127,145,97,49,47,45,38,30,42,53,67,81,63,45,37,28,35,42,42,0,0,0,0,0,0,0,26,52,100,148,150,152,134,115,112,108,127,146,98,49,47,45,38,30,41,52,67,82,64,45,37,28,35,42,42,0,0,0,0,0,0,0,26,52,100,148,150,152,134,115,112,108,127,146,98,49,47,45,38,30,41,52,67,82,64,45,37,28,35,42,42]",116,883.9,
1787125316365,154.0,"(2, 12)",76.8,116,"[0,0,0,0,0,0,0,27,54,101,147,148,149,132,114,112,109,127,144,96,48,47,45,38,30,41,52,66,80,62,43,36,28,35,41,41,0,0,0,0,0,0,0,27,55,102,149,150,152,134,116,113,110,128,146,97,49,47,46,38,30,41,53,67,81,63,45,36,28,35,42,42,0,0,0,0,0,0,0,28,55,103,151,153,154,136,118,115,111,129,147,99,50,48,46,38,30,42,53,67,81,64,46,37,28,35,42,42,0,0,0,0,0,0,0,28,55,103,151,153,154,136,118,115,111,129,147,99,50,48,46,38,30,42,53,67,81,64,46,37,28,35,42,42]",116,891.1,
