时间戳,右臂最大压强(kPa),右臂最大压强坐标,右臂平均压强(kPa),右臂受力面积(cm²),右臂数据,右臂点数,右臂总压力(N),备注
1787222637623,24.0,"(0, 8)",6.8,40,"[0,0,0,0,0,0,0,12,24,16,8,9,10,14,17,12,7,4,0,0,0,0,0,3,6,3,0,0,0,0,0,0,0,0,0,0,0,0,0,0,0,0,0,6,12,8,4,5,5,8,11,7,4,2,0,0,0,0,0,3,6,3,0,0,0,0,0,0,0,0,0,0,0,0,0,0,0,0,0,0,0,0,0,0,0,3,5,3,0,0,0,0,0,0,0,3,5,3,0,0,0,0,0,0,0,0,0,0,0,0,0,0,0,0,0,0,0,0,0,0,0,3,5,3,0,0,0,0,0,0,0,3,5,3,0,0,0,0,0,0,0,0,0,0]",40,27.3,
1787222637749,24.0,"(0, 8)",7.0,40,"[0,0,0,0,0,0,0,12,24,17,10,10,10,14,17,12,6,3,0,0,0,0,0,3,6,3,0,0,0,0,0,0,0,0,0,0,0,0,0,0,0,0,0,6,12,9,5,5,5,8,12,7,3,2,0,0,0,0,0,3,6,3,0,0,0,0,0,0,0,0,0,0,0,0,0,0,0,0,0,0,0,0,0,0,0,3,6,3,0,0,0,0,0,0,0,3,5,3,0,0,0,0,0,0,0,0,0,0,0,0,0,0,0,0,0,0,0,0,0,0,0,3,6,3,0,0,0,0,0,0,0,3,5,3,0,0,0,0,0,0,0,0,0,0]",40,27.9,
1787222637872,23.0,"(0, 8)",7.1,40,"[0,0,0,0,0,0,0,12,23,16,9,10,11,15,18,13,7,4,0,0,0,0,0,3,6,3,0,0,0,0,0,0,0,0,0,0,0,0,0,0,0,0,0,6,12,8,5,5,6,9,12,8,4,2,0,0,0,0,0,3,6,3,0,0,0,0,0,0,0,0,0,0,0,0,0,0,0,0,0,0,0,0,0,0,0,3,5,3,0,0,0,0,0,0,0,3,5,3,0,0,0,0,0,0,0,0,0,0,0,0,0,0,0,0,0,0,0,0,0,0,0,3,5,3,0,0,0,0,0,0,0,3,5,3,0,0,0,0,0,0,0,0,0,0]",40,28.3,
1787222637989,24.0,"(0, 8)",7.2,40,"[0,0,0,0,0,0,0,12,24,17,9,10,11,15,18,13,7,4,0,0,0,0,0,3,6,3,0,0,0,0,0,0,0,0,0,0,0,0,0,0,0,0,0,6,12,8,5,5,6,9,12,8,4,2,0,0,0,0,0,3,6,3,0,0,0,0,0,0,0,0,0,0,0,0,0,0,0,0,0,0,0,0,0,0,0,3,6,3,0,0,0,0,0,0,0,3,5,3,0,0,0,0,0,0,0,0,0,0,0,0,0,0,0,0,0,0,0,0,0,0,0,3,6,3,0,0,0,0,0,0,0,3,5,3,0,0,0,0,0,0,0,0,0,0]",40,28.7,
1787222638109,24.0,"(0, 8)",6.9,40,"[0,0,0,0,0,0,0,12,24,16,8,10,11,14,17,12,7,4,0,0,0,0,0,3,6,3,0,0,0,0,0,0,0,0,0,0,0,0,0,0,0,0,0,6,12,8,4,5,6,8,11,7,4,2,0,0,0,0,0,3,6,3,0,0,0,0,0,0,0,0,0,0,0,0,0,0,0,0,0,0,0,0,0,0,0,3,5,3,0,0,0,0,0,0,0,3,5,3,0,0,0,0,0,0,0,0,0,0,0,0,0,0,0,0,0,0,0,0,0,0,0,3,5,3,0,0,0,0,0,0,0,3,5,3,0,0,0,0,0,0,0,0,0,0]",40,27.6,
1787222638220,24.0,"(0, 8)",7.2,40,"[0,0,0,0,0,0,0,12,24,17,9,10,11,15,18,13,7,4,0,0,0,0,0,3,6,3,0,0,0,0,0,0,0,0,0,0,0,0,0,0,0,0,0,6,12,8,5,5,6,9,12,8,4,2,0,0,0,0,0,3,6,3,0,0,0,0,0,0,0,0,0,0,0,0,0,0,0,0,0,0,0,0,0,0,0,3,6,3,0,0,0,0,0,0,0,3,5,3,0,0,0,0,0,0,0,0,0,0,0,0,0,0,0,0,0,0,0,0,0,0,0,3,6,3,0,0,0,0,0,0,0,3,5,3,0,0,0,0,0,0,0,0,0,0]",40,28.7,
1787222638340,24.0,"(0, 8)",7.0,40,"[0,0,0,0,0,0,0,12,24,17,10,10,10,14,18,12,6,3,0,0,0,0,0,3,6,3,0,0,0,0,0,0,0,0,0,0,0,0,0,0,0,0,0,6,12,9,5,5,5,8,12,7,3,2,0,0,0,0,0,3,6,3,0,0,0,0,0,0,0,0,0,0,0,0,0,0,0,0,0,0,0,0,0,0,0,3,5,3,0,0,0,0,0,0,0,3,5,3,0,0,0,0,0,0,0,0,0,0,0,0,0,0,0,0,0,0,0,0,0,0,0,3,5,3,0,0,0,0,0,0,0,3,5,3,0,0,0,0,0,0,0,0,0,0]",40,27.8,
1787222638452,24.0,"(0, 8)",7.2,40,"[0,0,0,0,0,0,0,12,24,17,9,10,11,15,18,13,7,4,0,0,0,0,0,3,6,3,0,0,0,0,0,0,0,0,0,0,0,0,0,0,0,0,0,6,12,8,5,5,6,9,12,8,4,2,0,0,0,0,0,3,6,3,0,0,0,0,0,0,0,0,0,0,0,0,0,0,0,0,0,0,0,0,0,0,0,3,6,3,0,0,0,0,0,0,0,3,5,3,0,0,0,0,0,0,0,0,0,0,0,0,0,0,0,0,0,0,0,0,0,0,0,3,6,3,0,0,0,0,0,0,0,3,5,3,0,0,0,0,0,0,0,0,0,0]",40,28.7,
1787222638568,24.0,"(0, 8)",7.1,40,"[0,0,0,0,0,0,0,12,24,17,10,10,10,15,19,13,6,3,0,0,0,0,0,3,5,3,0,0,0,0,0,0,0,0,0,0,0,0,0,0,0,0,0,6,12,9,5,5,5,9,13,8,3,2,0,0,0,0,0,3,5,3,0,0,0,0,0,0,0,0,0,0,0,0,0,0,0,0,0,0,0,0,0,0,0,3,6,3,0,0,0,0,0,0,0,3,5,3,0,0,0,0,0,0,0,0,0,0,0,0,0,0,0,0,0,0,0,0,0,0,0,3,6,3,0,0,0,0,0,0,0,3,5,3,0,0,0,0,0,0,0,0,0,0]",40,28.4,
1787222638682,22.0,"(0, 8)",6.8,40,"[0,0,0,0,0,0,0,11,22,15,7,9,10,15,19,13,6,3,0,0,0,0,0,3,6,3,0,0,0,0,0,0,0,0,0,0,0,0,0,0,0,0,0,6,11,7,4,4,5,9,13,8,3,2,0,0,0,0,0,3,6,3,0,0,0,0,0,0,0,0,0,0,0,0,0,0,0,0,0,0,0,0,0,0,0,3,6,3,0,0,0,0,0,0,0,3,5,3,0,0,0,0,0,0,0,0,0,0,0,0,0,0,0,0,0,0,0,0,0,0,0,3,6,3,0,0,0,0,0,0,0,3,5,3,0,0,0,0,0,0,0,0,0,0]",40,27.2,
1787222638794,20.0,"(0, 14)",6.1,36,"[0,0,0,0,0,0,0,8,16,8,0,4,8,14,20,13,6,3,0,0,0,0,0,3,5,3,0,0,0,0,0,0,0,0,0,0,0,0,0,0,0,0,0,4,8,4,0,3,7,10,13,8,3,2,0,0,0,0,0,1,3,1,0,0,0,0,0,0,0,0,0,0,0,0,0,0,0,0,0,0,0,0,0,3,5,5,5,3,0,0,0,0,0,0,0,0,0,0,0,0,0,0,0,0,0,0,0,0,0,0,0,0,0,0,0,0,0,0,0,3,5,5,5,3,0,0,0,0,0,0,0,0,0,0,0,0,0,0,0,0,0,0,0,0]",36,22.0,
1787222638910,15.0,"(0, 8)",5.5,31,"[0,0,0,0,0,0,0,8,15,10,5,5,5,10,15,11,6,3,0,0,0,0,0,0,0,0,0,0,0,0,0,0,0,0,0,0,0,0,0,0,0,0,0,4,8,5,3,3,3,5,8,5,3,2,0,0,0,0,0,1,3,1,0,0,0,0,0,0,0,0,0,0,0,0,0,0,0,0,0,0,0,0,0,0,0,0,0,0,0,0,0,0,0,0,0,3,5,3,0,0,0,0,0,0,0,0,0,0,0,0,0,0,0,0,0,0,0,0,0,0,0,0,0,0,0,0,0,0,0,0,0,3,5,3,0,0,0,0,0,0,0,0,0,0]",31,16.9,
1787222639032,15.0,"(0, 8)",5.2,36,"[0,0,0,0,0,3,6,11,15,8,0,3,5,9,13,10,6,3,0,0,0,0,0,3,5,3,0,0,0,0,0,0,0,0,0,0,0,0,0,0,0,2,3,5,8,4,0,1,3,5,7,5,3,2,0,0,0,0,0,3,6,3,0,0,0,0,0,0,0,0,0,0,0,0,0,0,0,0,0,0,0,0,0,0,0,0,0,0,0,0,0,0,0,0,0,3,6,3,0,0,0,0,0,0,0,0,0,0,0,0,0,0,0,0,0,0,0,0,0,0,0,0,0,0,0,0,0,0,0,0,0,3,6,3,0,0,0,0,0,0,0,0,0,0]",36,18.7,
1787222639153,17.0,"(0, 8)",5.7,32,"[0,0,0,0,0,0,0,9,17,9,0,4,8,11,13,10,6,3,0,0,0,0,0,3,6,3,0,0,0,0,0,0,0,0,0,0,0,0,0,0,0,0,0,4,9,4,0,2,4,5,7,5,3,2,0,0,0,0,0,3,6,3,0,0,0,0,0,0,0,0,0,0,0,0,0,0,0,0,0,0,0,0,0,0,0,0,0,0,0,0,0,0,0,0,0,3,5,3,0,0,0,0,0,0,0,0,0,0,0,0,0,0,0,0,0,0,0,0,0,0,0,0,0,0,0,0,0,0,0,0,0,3,5,3,0,0,0,0,0,0,0,0,0,0]",32,18.1,
1787222639264,20.0,"(0, 8)",5.6,38,"[0,0,0,0,0,4,8,14,20,13,6,6,6,8,10,8,5,3,0,0,0,0,0,3,5,3,0,0,0,0,0,0,0,0,0,0,0,0,0,0,0,2,4,7,10,7,3,3,3,4,5,4,3,1,0,0,0,0,0,3,6,3,0,0,0,0,0,0,0,0,0,0,0,0,0,0,0,0,0,0,0,0,0,0,0,0,0,0,0,0,0,0,0,0,0,3,6,3,0,0,0,0,0,0,0,0,0,0,0,0,0,0,0,0,0,0,0,0,0,0,0,0,0,0,0,0,0,0,0,0,0,3,6,3,0,0,0,0,0,0,0,0,0,0]",38,21.4,
1787222639376,26.0,"(0, 8)",6.3,26,"[0,0,0,0,0,5,9,18,26,13,0,0,0,4,8,7,5,3,0,0,0,0,0,3,5,3,0,0,0,0,0,0,0,0,0,0,0,0,0,0,0,2,5,9,13,7,0,0,0,2,4,3,3,1,0,0,0,0,0,1,3,1,0,0,0,0,0,0,0,0,0,0,0,0,0,0,0,0,0,0,0,0,0,0,0,0,0,0,0,0,0,0,0,0,0,0,0,0,0,0,0,0,0,0,0,0,0,0,0,0,0,0,0,0,0,0,0,0,0,0,0,0,0,0,0,0,0,0,0,0,0,0,0,0,0,0,0,0,0,0,0,0,0,0]",26,16.3,
1787222639489,15.0,"(0, 10)",5.5,22,"[0,0,0,0,0,0,0,4,7,11,15,11,6,6,5,6,6,3,0,0,0,0,0,0,0,0,0,0,0,0,0,0,0,0,0,0,0,0,0,0,0,0,0,2,4,6,8,5,3,3,3,3,3,2,0,0,0,0,0,0,0,0,0,0,0,0,0,0,0,0,0,0,0,0,0,0,0,0,0,0,0,0,0,0,0,0,0,0,0,0,0,0,0,0,0,0,0,0,0,0,0,0,0,0,0,0,0,0,0,0,0,0,0,0,0,0,0,0,0,0,0,0,0,0,0,0,0,0,0,0,0,0,0,0,0,0,0,0,0,0,0,0,0,0]",22,12.2,
1787222639600,11.0,"(2, 12)",5.7,28,"[9,5,0,0,0,0,0,0,0,0,0,3,6,6,5,5,5,8,10,5,0,0,0,0,0,0,0,0,0,0,0,0,0,0,0,0,5,2,0,0,0,0,0,0,0,0,0,4,9,6,3,3,3,4,5,3,0,0,0,0,0,0,0,0,0,0,0,0,0,0,0,0,0,0,0,0,0,0,0,0,0,0,0,6,11,6,0,0,0,0,0,0,0,0,0,0,0,0,0,0,0,0,0,0,0,0,0,0,0,0,0,0,0,0,0,0,0,0,0,6,11,6,0,0,0,0,0,0,0,0,0,0,0,0,0,0,0,0,0,0,0,0,0,0]",28,16.0,
1787222639711,8.0,"(0, 18)",4.3,14,"[7,4,0,0,0,0,0,0,0,0,0,0,0,0,0,3,6,7,8,4,0,0,0,0,0,0,0,0,0,0,0,0,0,0,0,0,4,2,0,0,0,0,0,0,0,0,0,0,0,0,0,2,3,4,4,2,0,0,0,0,0,0,0,0,0,0,0,0,0,0,0,0,0,0,0,0,0,0,0,0,0,0,0,0,0,0,0,0,0,0,0,0,0,0,0,0,0,0,0,0,0,0,0,0,0,0,0,0,0,0,0,0,0,0,0,0,0,0,0,0,0,0,0,0,0,0,0,0,0,0,0,0,0,0,0,0,0,0,0,0,0,0,0,0]",14,6.0,
1787222639822,16.0,"(0, 18)",6.2,36,"[8,9,10,5,0,0,0,0,0,0,0,0,0,0,0,3,6,11,16,8,0,3,6,3,0,0,0,0,0,0,0,0,0,0,0,0,4,5,5,3,0,0,0,0,0,0,0,0,0,0,0,2,3,6,8,4,0,4,8,6,4,2,0,0,0,0,0,0,0,0,0,0,0,0,0,0,0,0,0,0,0,0,0,0,0,0,0,0,0,0,0,0,0,5,10,9,7,4,0,0,0,0,0,0,0,0,0,0,0,0,0,0,0,0,0,0,0,0,0,0,0,0,0,0,0,0,0,0,0,5,10,9,7,4,0,0,0,0,0,0,0,0,0,0]",36,22.2,
1787222639937,22.0,"(1, 20)",9.1,38,"[5,3,0,0,0,0,0,0,0,0,0,0,0,0,0,3,5,7,8,15,21,17,13,7,0,0,0,0,0,0,0,0,0,0,0,0,3,1,0,0,0,0,0,0,0,0,0,0,0,0,0,1,3,3,4,13,22,17,12,7,3,2,0,0,0,0,0,0,0,0,0,0,0,0,0,0,0,0,0,0,0,0,0,0,0,0,0,0,0,0,0,11,22,16,10,8,6,3,0,0,0,0,0,0,0,0,0,0,0,0,0,0,0,0,0,0,0,0,0,0,0,0,0,0,0,0,0,11,22,16,10,8,6,3,0,0,0,0,0,0,0,0,0,0]",38,34.7,
1787222640049,74.0,"(0, 20)",17.5,50,"[0,0,0,0,0,0,0,3,5,3,0,0,0,0,0,3,5,6,7,41,74,41,8,4,0,0,0,0,0,0,0,0,0,0,0,0,0,0,0,0,0,0,0,1,3,1,0,0,0,0,0,1,3,8,13,36,59,39,19,14,9,6,3,1,0,0,0,0,0,0,0,0,0,0,0,0,0,0,0,0,0,0,0,0,0,0,0,0,0,9,18,31,44,37,30,24,17,11,5,3,0,0,0,0,0,0,0,0,0,0,0,0,0,0,0,0,0,0,0,0,0,0,0,0,0,9,18,31,44,37,30,24,17,11,5,3,0,0,0,0,0,0,0,0]",50,87.4,
1787222640160,35.0,"(2, 22)",16.2,56,"[0,0,0,0,0,0,0,3,5,3,0,0,0,0,0,16,32,21,10,19,27,18,9,8,7,4,0,0,0,0,0,0,0,0,0,0,0,0,0,0,0,0,0,1,3,1,0,0,0,0,0,14,27,21,15,18,22,22,22,19,16,10,5,2,0,0,0,0,0,0,0,0,0,0,0,0,0,0,0,0,0,0,0,0,0,0,0,11,22,21,19,18,16,26,35,30,25,17,9,5,0,0,0,0,0,0,0,0,0,0,0,0,0,0,0,0,0,0,0,0,0,0,0,11,22,21,19,18,16,26,35,30,25,17,9,5,0,0,0,0,0,0,0,0]",56,90.8,
1787222640273,42.0,"(0, 16)",11.5,72,"[0,0,0,6,12,6,0,0,0,0,0,0,0,3,6,24,42,26,10,9,8,4,0,0,0,0,0,0,0,0,0,0,0,0,0,0,0,0,0,4,9,4,0,0,0,0,0,0,0,5,9,19,29,22,14,13,12,10,7,8,10,7,5,5,4,2,0,0,0,0,0,0,0,0,0,3,5,3,0,0,0,0,0,0,0,6,12,14,16,17,18,17,16,15,14,17,19,15,10,9,8,4,0,0,0,0,0,0,0,0,0,3,5,3,0,0,0,0,0,0,0,6,12,14,16,17,18,17,16,15,14,17,19,15,10,9,8,4,0,0,0,0,0,0]",72,83.0,
1787222640383,44.0,"(0, 16)",12.5,89,"[0,0,0,6,12,10,7,14,21,19,17,13,9,19,29,37,44,26,8,4,0,0,0,0,0,0,0,0,0,0,0,0,0,0,0,0,0,1,3,6,9,9,9,12,14,19,25,16,8,14,21,28,34,21,8,6,4,2,0,4,7,4,0,0,0,0,0,0,0,0,0,0,0,3,5,5,5,8,11,9,7,20,32,19,6,10,13,19,24,16,7,7,7,4,0,7,14,7,0,0,0,0,0,0,0,0,0,0,0,3,5,5,5,8,11,9,7,20,32,19,6,10,13,19,24,16,7,7,7,4,0,7,14,7,0,0,0,0,0,0,0,0,0,0]",89,110.9,
1787222640496,68.0,"(0, 8)",20.7,66,"[0,0,0,4,7,11,14,41,68,46,23,17,10,17,24,30,35,18,0,0,0,0,0,0,0,0,0,0,0,0,0,0,0,0,0,0,0,3,6,6,6,11,15,38,61,45,29,19,10,15,20,23,27,13,0,0,0,0,0,0,0,0,0,0,0,0,0,0,0,0,0,0,0,6,11,8,5,11,16,35,54,44,34,22,9,12,15,17,18,9,0,0,0,0,0,0,0,0,0,0,0,0,0,0,0,0,0,0,0,6,11,8,5,11,16,35,54,44,34,22,9,12,15,17,18,9,0,0,0,0,0,0,0,0,0,0,0,0,0,0,0,0,0,0]",66,136.4,
1787222640611,71.0,"(2, 8)",19.8,72,"[0,0,0,3,5,5,5,36,66,49,32,21,10,14,18,26,33,17,0,3,6,3,0,0,0,0,0,0,0,0,0,0,0,0,0,0,0,0,0,3,5,7,9,39,69,52,36,23,10,14,19,21,24,12,0,3,6,3,0,0,0,0,0,0,0,0,0,0,0,0,0,0,0,0,0,3,5,9,13,42,71,56,40,25,10,15,19,17,15,8,0,3,5,3,0,0,0,0,0,0,0,0,0,0,0,0,0,0,0,0,0,3,5,9,13,42,71,56,40,25,10,15,19,17,15,8,0,3,5,3,0,0,0,0,0,0,0,0,0,0,0,0,0,0]",72,142.5,
1787222640725,78.0,"(2, 8)",19.3,98,"[0,0,0,0,0,0,0,16,32,44,55,34,12,16,19,35,51,26,0,13,25,13,0,0,0,0,0,0,0,0,0,4,8,4,0,0,0,0,0,1,3,3,3,29,55,50,46,30,15,25,35,38,41,22,3,9,15,8,0,0,0,1,3,1,0,0,0,5,10,6,3,3,0,0,0,3,5,5,5,42,78,57,36,27,17,34,50,40,30,18,5,5,5,3,0,0,0,3,5,3,0,0,0,6,12,9,5,5,0,0,0,3,5,5,5,42,78,57,36,27,17,34,50,40,30,18,5,5,5,3,0,0,0,3,5,3,0,0,0,6,12,9,5,5]",98,189.6,
1787222640844,90.0,"(0, 20)",22.6,109,"[0,0,0,0,0,0,0,3,6,18,30,20,10,15,19,40,60,33,6,48,90,45,0,5,9,8,6,6,6,13,19,13,6,3,0,0,0,0,0,2,4,2,0,8,16,21,27,21,15,25,36,43,50,29,9,33,57,29,0,2,5,14,23,21,20,26,33,20,7,4,0,0,0,0,0,4,7,4,0,13,26,25,23,22,20,36,52,46,39,26,12,18,24,12,0,0,0,20,39,37,34,40,46,27,8,4,0,0,0,0,0,4,7,4,0,13,26,25,23,22,20,36,52,46,39,26,12,18,24,12,0,0,0,20,39,37,34,40,46,27,8,4,0,0]",109,246.7,
1787222640954,109.0,"(0, 20)",30.4,120,"[0,0,0,0,0,0,0,3,5,18,30,22,13,16,19,41,62,36,9,59,109,58,6,21,35,52,68,62,55,50,45,26,6,3,0,0,0,0,0,2,4,3,3,6,9,15,21,19,17,25,33,42,52,33,15,40,66,37,8,18,28,52,76,68,60,61,62,34,6,3,0,0,0,0,0,4,8,7,5,9,12,12,12,17,21,34,46,44,41,31,20,21,22,16,10,16,21,52,83,74,64,72,79,42,5,3,0,0,0,0,0,4,8,7,5,9,12,12,12,17,21,34,46,44,41,31,20,21,22,16,10,16,21,52,83,74,64,72,79,42,5,3,0,0]",120,365.3,
1787222641068,155.0,"(0, 26)",49.2,125,"[0,8,15,8,0,13,26,39,51,44,37,26,15,16,17,36,54,47,40,79,117,79,40,79,117,136,155,150,144,116,87,48,9,5,0,0,0,4,8,8,8,15,22,35,48,36,25,16,8,15,23,34,45,41,38,59,80,56,32,56,79,111,143,138,133,116,100,55,11,5,0,0,0,0,0,8,16,17,17,31,45,29,12,6,0,14,28,32,35,35,35,39,43,34,24,33,41,86,130,126,121,117,112,62,12,6,0,0,0,0,0,8,16,17,17,31,45,29,12,6,0,14,28,32,35,35,35,39,43,34,24,33,41,86,130,126,121,117,112,62,12,6,0,0]",125,614.8,
1787222641185,165.0,"(0, 26)",60.1,123,"[0,7,13,7,0,23,46,65,83,67,51,33,15,14,13,32,50,47,44,88,132,91,50,92,133,149,165,159,152,123,93,47,0,0,0,0,0,3,7,9,12,32,53,73,92,65,38,23,8,13,18,30,43,43,43,70,98,67,37,64,91,123,155,149,143,124,106,56,6,3,0,0,0,0,0,12,23,42,60,81,101,63,24,12,0,12,23,29,35,39,42,53,63,44,24,36,48,96,144,139,134,126,118,65,12,6,0,0,0,0,0,12,23,42,60,81,101,63,24,12,0,12,23,29,35,39,42,53,63,44,24,36,48,96,144,139,134,126,118,65,12,6,0,0]",123,739.3,
1787222641297,156.0,"(0, 20)",59.1,125,"[0,6,12,6,0,29,57,80,103,85,67,42,17,16,14,35,55,73,91,124,156,99,41,62,83,101,118,111,104,85,65,33,0,0,0,0,0,3,6,11,16,45,75,99,123,88,54,36,18,19,20,34,47,63,79,97,116,74,31,45,59,84,109,103,98,87,77,43,9,4,0,0,0,0,0,16,31,62,92,118,143,92,40,30,19,23,26,33,39,53,66,71,76,49,21,28,35,67,99,95,91,90,89,53,17,9,0,0,0,0,0,16,31,62,92,118,143,92,40,30,19,23,26,33,39,53,66,71,76,49,21,28,35,67,99,95,91,90,89,53,17,9,0,0]",125,738.8,
1787222641409,114.0,"(0, 20)",34.8,126,"[0,3,6,3,0,11,22,51,79,71,62,41,19,18,17,38,59,57,55,85,114,57,0,15,29,42,55,36,16,23,29,18,7,4,0,0,0,2,3,5,7,19,31,60,89,67,45,32,18,20,21,35,50,50,50,66,81,44,7,14,21,36,50,42,34,36,39,23,7,4,0,0,0,0,0,7,13,26,39,69,98,63,28,23,17,21,25,33,40,43,45,47,48,31,13,13,13,29,45,48,51,50,49,28,7,4,0,0,0,0,0,7,13,26,39,69,98,63,28,23,17,21,25,33,40,43,45,47,48,31,13,13,13,29,45,48,51,50,49,28,7,4,0,0]",126,438.2,
1787222641528,53.0,"(0, 10)",13.2,84,"[0,0,0,0,0,0,0,10,20,37,53,36,18,16,14,29,43,22,0,0,0,0,0,0,0,0,0,0,0,0,0,0,0,0,0,0,0,0,0,1,3,1,0,10,20,26,32,20,9,12,16,27,38,20,3,2,0,0,0,0,0,3,6,7,7,6,5,4,3,2,0,0,0,0,0,3,5,3,0,10,19,15,10,5,0,9,17,25,32,19,6,3,0,0,0,0,0,6,12,13,14,12,10,8,6,3,0,0,0,0,0,3,5,3,0,10,19,15,10,5,0,9,17,25,32,19,6,3,0,0,0,0,0,6,12,13,14,12,10,8,6,3,0,0]",84,111.1,
1787222641642,51.0,"(2, 28)",23.6,54,"[0,0,0,0,0,0,0,0,0,12,24,12,0,3,6,13,20,10,0,0,0,0,0,0,0,11,21,34,46,38,30,15,0,0,0,0,0,0,0,0,0,0,0,0,0,6,12,6,0,4,7,13,19,9,0,0,0,0,0,0,0,15,30,39,49,45,41,20,0,0,0,0,0,0,0,0,0,0,0,0,0,0,0,0,0,4,8,13,17,9,0,0,0,0,0,0,0,19,38,45,51,51,51,26,0,0,0,0,0,0,0,0,0,0,0,0,0,0,0,0,0,4,8,13,17,9,0,0,0,0,0,0,0,19,38,45,51,51,51,26,0,0,0,0]",54,127.4,
1787222641757,40.0,"(0, 24)",15.4,62,"[0,0,0,0,0,0,0,0,0,7,13,7,0,3,6,15,23,12,0,0,0,0,0,20,40,31,21,15,8,18,27,14,0,0,0,0,0,0,0,0,0,0,0,0,0,3,7,3,0,3,6,11,17,8,0,0,0,0,0,13,26,27,28,18,8,20,32,16,0,0,0,0,0,0,0,0,0,0,0,0,0,0,0,0,0,3,5,8,10,5,0,0,0,0,0,6,11,23,34,21,8,23,37,19,0,0,0,0,0,0,0,0,0,0,0,0,0,0,0,0,0,3,5,8,10,5,0,0,0,0,0,6,11,23,34,21,8,23,37,19,0,0,0,0]",62,95.2,
1787222641868,82.0,"(0, 24)",20.1,62,"[0,0,0,0,0,0,0,0,0,4,8,4,0,0,0,8,16,8,0,0,0,0,0,41,82,62,42,33,23,26,28,17,5,3,0,0,0,0,0,0,0,0,0,0,0,2,4,2,0,0,0,6,12,6,0,0,0,0,0,26,53,46,40,30,20,26,33,19,5,3,0,0,0,0,0,0,0,0,0,0,0,0,0,0,0,0,0,4,7,4,0,0,0,0,0,12,23,30,37,27,16,27,37,21,5,3,0,0,0,0,0,0,0,0,0,0,0,0,0,0,0,0,0,4,7,4,0,0,0,0,0,12,23,30,37,27,16,27,37,21,5,3,0,0]",62,124.9,
1787222641986,30.0,"(0, 16)",8.1,66,"[0,0,0,0,0,0,0,0,0,9,18,9,0,5,10,20,30,20,10,5,0,0,0,0,0,0,0,0,0,0,0,0,0,0,0,0,0,0,0,0,0,0,0,0,0,7,13,7,0,3,5,15,25,17,9,4,0,2,3,3,3,5,7,4,0,1,3,1,0,0,0,0,0,0,0,0,0,0,0,0,0,4,8,4,0,0,0,10,19,13,7,4,0,3,6,6,6,10,14,7,0,3,5,3,0,0,0,0,0,0,0,0,0,0,0,0,0,4,8,4,0,0,0,10,19,13,7,4,0,3,6,6,6,10,14,7,0,3,5,3,0,0,0,0]",66,53.7,
1787222642107,31.0,"(0, 16)",8.0,66,"[0,0,0,0,0,0,0,3,5,10,14,10,5,7,8,20,31,21,11,6,0,3,5,5,5,3,0,0,0,3,5,8,11,6,0,0,0,0,0,0,0,0,0,1,3,5,7,5,3,5,8,16,24,15,6,3,0,3,5,8,10,5,0,0,0,1,3,4,6,3,0,0,0,0,0,0,0,0,0,0,0,0,0,0,0,4,7,12,16,8,0,0,0,3,5,10,15,8,0,0,0,0,0,0,0,0,0,0,0,0,0,0,0,0,0,0,0,0,0,0,0,4,7,12,16,8,0,0,0,3,5,10,15,8,0,0,0,0,0,0,0,0,0,0]",66,53.0,
1787222642221,55.0,"(2, 18)",15.9,100,"[0,0,0,0,0,21,42,43,44,39,33,19,5,5,5,20,34,42,50,30,10,5,0,10,19,17,15,13,10,5,0,0,0,0,0,0,0,0,0,2,4,17,30,28,27,24,21,12,3,3,3,15,28,40,53,32,11,7,4,8,13,10,8,6,5,3,0,0,0,3,5,5,0,0,0,4,7,12,17,13,9,9,9,5,0,0,0,11,21,38,55,33,11,9,7,7,7,4,0,0,0,0,0,0,0,5,10,10,0,0,0,4,7,12,17,13,9,9,9,5,0,0,0,11,21,38,55,33,11,9,7,7,7,4,0,0,0,0,0,0,0,5,10,10]",100,159.2,
1787222642335,90.0,"(2, 18)",25.9,112,"[0,0,0,0,0,21,41,47,52,59,65,38,10,16,21,43,65,61,57,39,20,17,14,28,41,31,21,19,17,9,0,4,7,4,0,0,0,0,0,1,3,19,35,36,37,43,49,32,15,21,27,41,56,65,74,46,19,15,10,18,25,18,11,10,9,4,0,2,4,4,4,4,0,0,0,3,5,17,28,25,22,27,32,26,19,26,32,40,47,69,90,54,18,12,6,8,9,5,0,0,0,0,0,0,0,4,8,8,0,0,0,3,5,17,28,25,22,27,32,26,19,26,32,40,47,69,90,54,18,12,6,8,9,5,0,0,0,0,0,0,0,4,8,8]",112,290.4,
1787222642446,119.0,"(2, 18)",45.8,122,"[0,0,0,0,0,20,40,47,53,77,101,70,38,36,34,68,102,107,111,75,38,42,45,47,49,44,38,39,39,34,28,28,27,18,9,9,0,0,0,0,0,22,44,52,60,75,90,73,56,51,47,69,92,104,115,80,45,38,30,30,31,29,28,28,29,21,14,16,17,13,10,10,0,0,0,0,0,24,48,58,67,73,78,76,74,67,59,71,82,101,119,86,52,34,15,14,12,15,18,18,18,9,0,4,7,9,10,10,0,0,0,0,0,24,48,58,67,73,78,76,74,67,59,71,82,101,119,86,52,34,15,14,12,15,18,18,18,9,0,4,7,9,10,10]",122,558.8,
1787222642557,214.0,"(2, 10)",97.0,124,"[0,0,0,0,0,16,32,75,117,160,203,165,127,97,66,98,130,150,169,160,151,113,75,71,66,73,79,80,81,88,95,80,64,45,26,26,0,0,0,0,0,17,34,79,125,167,209,170,131,100,70,99,128,150,171,162,154,113,72,67,62,70,78,79,80,86,92,77,63,45,27,27,0,0,0,0,0,18,35,84,132,173,214,174,134,104,74,100,126,150,173,165,156,112,68,63,58,68,77,78,79,84,89,75,61,44,27,27,0,0,0,0,0,18,35,84,132,173,214,174,134,104,74,100,126,150,173,165,156,112,68,63,58,68,77,78,79,84,89,75,61,44,27,27]",124,1202.6,
1787222642676,219.0,"(2, 10)",99.6,124,"[0,0,0,0,0,17,33,76,119,164,208,169,130,97,64,96,127,149,171,166,161,125,88,67,46,68,90,90,90,99,107,90,73,46,18,18,0,0,0,0,0,16,32,79,127,170,214,174,134,102,70,97,125,149,173,168,164,124,84,64,44,67,89,90,90,97,104,88,72,44,17,17,0,0,0,0,0,16,31,83,134,177,219,179,138,107,75,99,123,149,175,171,166,123,79,61,42,65,88,89,90,95,100,85,70,43,16,16,0,0,0,0,0,16,31,83,134,177,219,179,138,107,75,99,123,149,175,171,166,123,79,61,42,65,88,89,90,95,100,85,70,43,16,16]",124,1235.5,
1787222642788,197.0,"(2, 10)",84.7,116,"[0,0,0,0,0,9,17,54,90,140,189,156,122,92,62,92,122,143,163,148,132,91,50,44,38,56,73,74,75,60,44,42,40,20,0,0,0,0,0,0,0,9,18,56,94,144,193,159,126,95,65,93,121,143,165,150,135,92,49,43,38,55,72,73,73,58,43,40,37,19,0,0,0,0,0,0,0,9,18,58,98,148,197,163,129,98,67,93,119,143,167,152,137,92,47,42,37,54,71,71,71,56,41,38,34,17,0,0,0,0,0,0,0,9,18,58,98,148,197,163,129,98,67,93,119,143,167,152,137,92,47,42,37,54,71,71,71,56,41,38,34,17,0,0]",116,983.0,
1787222642899,16.0,"(0, 10)",5.7,56,"[0,0,0,0,0,3,5,9,12,14,16,12,8,8,7,10,13,7,0,0,0,0,0,0,0,0,0,0,0,0,0,0,0,0,0,0,0,0,0,0,0,1,3,4,6,8,11,7,4,4,4,7,10,5,0,0,0,2,4,2,0,0,0,0,0,0,0,2,4,2,0,0,0,0,0,0,0,0,0,0,0,3,5,3,0,0,0,3,6,3,0,0,0,4,7,4,0,0,0,0,0,0,0,4,7,4,0,0,0,0,0,0,0,0,0,0,0,3,5,3,0,0,0,3,6,3,0,0,0,4,7,4,0,0,0,0,0,0,0,4,7,4,0,0]",56,32.0,
1787222643011,25.0,"(2, 10)",8.7,74,"[0,0,0,0,0,0,0,4,8,12,16,13,9,8,6,9,12,6,0,0,0,0,0,4,7,11,15,11,6,3,0,0,0,0,0,0,0,0,0,0,0,0,0,2,4,12,21,13,5,4,3,6,9,5,0,0,0,3,5,10,15,11,8,5,3,3,3,4,6,3,0,0,0,0,0,0,0,0,0,0,0,13,25,13,0,0,0,3,6,3,0,0,0,5,10,16,22,11,0,0,0,3,5,8,11,6,0,0,0,0,0,0,0,0,0,0,0,13,25,13,0,0,0,3,6,3,0,0,0,5,10,16,22,11,0,0,0,3,5,8,11,6,0,0]",74,64.3,
1787222643122,34.0,"(2, 24)",10.6,66,"[0,0,0,0,0,0,0,0,0,9,17,12,7,4,0,7,13,9,5,3,0,0,0,15,30,25,19,13,7,4,0,0,0,0,0,0,0,0,0,0,0,0,0,0,0,6,13,8,4,2,0,5,10,6,3,1,0,2,4,18,32,25,18,13,7,4,0,0,0,0,0,0,0,0,0,0,0,0,0,0,0,4,8,4,0,0,0,3,6,3,0,0,0,4,7,21,34,26,17,12,7,4,0,0,0,0,0,0,0,0,0,0,0,0,0,0,0,4,8,4,0,0,0,3,6,3,0,0,0,4,7,21,34,26,17,12,7,4,0,0,0,0,0,0]",66,70.0,
1787222643234,53.0,"(2, 24)",14.3,100,"[0,0,0,0,0,5,9,10,11,23,34,22,10,9,8,10,11,8,5,3,0,0,0,13,26,28,30,24,18,13,7,7,6,3,0,0,0,0,0,0,0,2,5,8,12,19,26,15,5,6,7,9,12,8,5,3,0,2,4,22,40,34,29,25,20,16,12,7,3,2,0,0,0,0,0,0,0,0,0,7,13,15,17,9,0,3,5,9,12,9,5,3,0,4,8,31,53,41,28,25,22,19,16,8,0,0,0,0,0,0,0,0,0,0,0,7,13,15,17,9,0,3,5,9,12,9,5,3,0,4,8,31,53,41,28,25,22,19,16,8,0,0,0,0]",100,143.5,
1787222643354,47.0,"(0, 10)",25.0,122,"[0,0,0,0,0,8,15,15,14,31,47,31,15,22,28,30,31,30,29,22,15,13,10,12,13,28,43,37,31,35,38,26,13,7,0,0,0,0,0,1,3,6,10,18,27,33,40,29,18,20,21,25,29,30,31,28,24,21,18,23,28,36,44,39,35,36,37,24,11,5,0,0,0,0,0,3,5,5,5,22,39,36,33,27,21,18,14,20,26,30,33,33,33,29,25,34,42,43,44,42,39,37,35,22,8,4,0,0,0,0,0,3,5,5,5,22,39,36,33,27,21,18,14,20,26,30,33,33,33,29,25,34,42,43,44,42,39,37,35,22,8,4,0,0]",122,305.3,
1787222643477,171.0,"(0, 18)",81.5,116,"[0,0,0,0,0,13,25,41,56,89,122,126,129,126,122,136,149,160,171,111,50,48,45,57,68,61,54,53,52,54,56,44,31,16,0,0,0,0,0,0,0,15,31,53,76,103,131,131,131,124,118,129,140,145,151,114,78,74,71,64,58,58,59,58,58,54,51,36,22,11,0,0,0,0,0,0,0,18,36,66,95,117,139,136,133,123,113,122,131,131,130,118,106,101,96,72,48,56,63,63,63,55,46,29,12,6,0,0,0,0,0,0,0,18,36,66,95,117,139,136,133,123,113,122,131,131,130,118,106,101,96,72,48,56,63,63,63,55,46,29,12,6,0,0]",116,945.7,
1787222643591,181.0,"(0, 18)",91.2,112,"[0,0,0,0,0,14,27,42,56,95,134,140,145,137,129,143,157,169,181,123,64,60,56,67,78,67,56,55,54,55,56,40,24,12,0,0,0,0,0,0,0,18,36,56,76,111,146,146,146,137,128,141,155,156,158,124,90,84,79,73,68,65,63,62,61,55,50,31,12,6,0,0,0,0,0,0,0,22,44,70,95,127,158,153,147,137,126,139,152,143,134,125,115,109,102,80,57,63,69,68,67,56,44,22,0,0,0,0,0,0,0,0,0,22,44,70,95,127,158,153,147,137,126,139,152,143,134,125,115,109,102,80,57,63,69,68,67,56,44,22,0,0,0,0]",112,1021.7,
1787222643703,46.0,"(0, 28)",18.6,94,"[0,0,0,0,0,11,22,27,31,22,13,10,7,9,11,15,19,10,0,0,0,0,0,0,0,22,44,45,46,45,43,22,0,0,0,0,0,0,0,4,7,12,16,18,21,14,7,7,7,6,6,10,14,7,0,0,0,2,4,7,11,27,43,44,46,44,43,21,0,0,0,0,0,0,0,7,14,12,10,10,10,5,0,3,6,3,0,4,8,4,0,0,0,4,8,15,21,31,41,44,46,44,42,21,0,0,0,0,0,0,0,7,14,12,10,10,10,5,0,3,6,3,0,4,8,4,0,0,0,4,8,15,21,31,41,44,46,44,42,21,0,0,0,0]",94,174.8,
1787222643819,49.0,"(0, 26)",18.3,102,"[0,0,0,0,0,11,21,33,44,30,15,12,9,11,13,17,21,11,0,0,0,0,0,4,7,28,49,46,42,38,33,20,6,3,0,0,0,0,0,3,5,10,16,24,32,20,8,6,5,7,10,13,17,9,0,0,0,3,5,13,22,32,43,40,38,36,33,20,7,4,0,0,0,0,0,5,10,10,10,15,19,10,0,0,0,3,6,10,13,7,0,0,0,5,10,23,36,36,36,35,34,34,33,21,8,4,0,0,0,0,0,5,10,10,10,15,19,10,0,0,0,3,6,10,13,7,0,0,0,5,10,23,36,36,36,35,34,34,33,21,8,4,0,0]",102,187.1,
1787222643939,34.0,"(0, 26)",13.5,104,"[0,0,0,3,5,7,9,19,28,22,16,14,12,11,9,14,19,10,0,0,0,0,0,3,5,20,34,31,28,23,17,22,26,13,0,0,0,0,0,4,8,9,10,14,18,13,8,7,6,7,7,12,18,9,0,0,0,2,5,9,13,21,29,27,24,21,18,18,17,9,0,0,0,0,0,6,11,11,11,10,8,4,0,0,0,3,5,11,16,8,0,0,0,5,9,15,21,23,24,22,20,20,19,14,8,4,0,0,0,0,0,6,11,11,11,10,8,4,0,0,0,3,5,11,16,8,0,0,0,5,9,15,21,23,24,22,20,20,19,14,8,4,0,0]",104,139.9,
1787222644061,19.0,"(0, 10)",8.0,52,"[0,0,0,0,0,0,0,0,0,10,19,15,11,8,5,10,14,7,0,0,0,3,6,7,7,8,9,5,0,0,0,0,0,0,0,0,0,0,0,0,0,0,0,0,0,5,10,8,6,4,3,8,13,6,0,0,0,5,9,9,9,8,8,4,0,0,0,0,0,0,0,0,0,0,0,0,0,0,0,0,0,0,0,0,0,0,0,6,11,6,0,0,0,6,12,11,10,8,6,3,0,0,0,0,0,0,0,0,0,0,0,0,0,0,0,0,0,0,0,0,0,0,0,6,11,6,0,0,0,6,12,11,10,8,6,3,0,0,0,0,0,0,0,0]",52,41.7,
1787222644175,20.0,"(0, 16)",7.1,38,"[0,3,6,3,0,0,0,3,6,7,7,9,11,12,12,16,20,10,0,0,0,0,0,0,0,0,0,0,0,0,0,0,0,0,0,0,0,2,3,2,0,0,0,2,3,3,4,5,6,7,9,12,15,8,0,0,0,0,0,0,0,0,0,0,0,0,0,0,0,0,0,0,0,0,0,0,0,0,0,0,0,0,0,0,0,3,5,8,10,5,0,0,0,0,0,0,0,0,0,0,0,0,0,0,0,0,0,0,0,0,0,0,0,0,0,0,0,0,0,0,0,3,5,8,10,5,0,0,0,0,0,0,0,0,0,0,0,0,0,0,0,0,0,0]",38,26.8,
1787222644294,10.0,"(0, 16)",4.8,26,"[0,0,0,0,0,4,8,7,6,3,0,0,0,4,7,9,10,5,0,0,0,0,0,0,0,0,0,0,0,0,0,0,0,0,0,0,0,0,0,0,0,2,4,4,3,2,0,0,0,2,4,6,8,4,0,0,0,0,0,0,0,0,0,0,0,0,0,0,0,0,0,0,0,0,0,0,0,0,0,0,0,0,0,0,0,0,0,3,5,3,0,0,0,0,0,0,0,0,0,0,0,0,0,0,0,0,0,0,0,0,0,0,0,0,0,0,0,0,0,0,0,0,0,3,5,3,0,0,0,0,0,0,0,0,0,0,0,0,0,0,0,0,0,0]",26,12.4,
1787222644404,17.0,"(0, 28)",6.4,38,"[0,0,0,0,0,0,0,0,0,0,0,0,0,0,0,4,8,4,0,0,0,0,0,0,0,3,5,11,17,15,13,9,5,5,5,5,0,0,0,0,0,0,0,0,0,0,0,0,0,0,0,2,4,2,0,0,0,0,0,0,0,1,3,8,14,11,9,6,3,3,3,3,0,0,0,0,0,0,0,0,0,0,0,0,0,0,0,0,0,0,0,0,0,0,0,0,0,0,0,5,10,8,5,3,0,0,0,0,0,0,0,0,0,0,0,0,0,0,0,0,0,0,0,0,0,0,0,0,0,0,0,0,0,0,0,5,10,8,5,3,0,0,0,0]",38,24.3,
1787222644520,19.0,"(0, 28)",8.9,58,"[0,0,0,0,0,0,0,4,7,4,0,0,0,0,0,5,9,8,6,3,0,0,0,3,6,12,17,18,19,15,10,5,0,0,0,0,0,0,0,0,0,0,0,2,4,2,0,0,0,0,0,4,9,6,3,2,0,0,0,4,9,12,16,17,18,13,8,4,0,0,0,0,0,0,0,0,0,0,0,0,0,0,0,0,0,0,0,4,8,4,0,0,0,0,0,6,11,13,15,16,17,12,6,3,0,0,0,0,0,0,0,0,0,0,0,0,0,0,0,0,0,0,0,4,8,4,0,0,0,0,0,6,11,13,15,16,17,12,6,3,0,0,0,0]",58,51.4,
1787222644635,21.0,"(0, 28)",8.1,69,"[0,0,0,0,0,0,0,3,6,3,0,0,0,0,0,6,12,9,6,3,0,0,0,3,5,12,18,20,21,15,9,5,0,0,0,0,0,1,3,1,0,0,0,2,3,2,0,0,0,0,0,6,12,8,3,2,0,2,3,5,6,12,17,18,20,12,5,2,0,0,0,0,0,3,5,3,0,0,0,0,0,0,0,0,0,0,0,6,12,6,0,0,0,3,6,7,7,12,16,17,18,9,0,0,0,0,0,0,0,3,5,3,0,0,0,0,0,0,0,0,0,0,0,6,12,6,0,0,0,3,6,7,7,12,16,17,18,9,0,0,0,0,0,0]",69,56.1,
1787222644756,20.0,"(0, 28)",9.5,56,"[0,0,0,0,0,0,0,3,6,3,0,0,0,0,0,5,10,5,0,0,0,0,0,4,7,12,17,19,20,15,9,5,0,0,0,0,0,0,0,0,0,0,0,2,3,2,0,0,0,0,0,5,11,5,0,0,0,2,4,6,9,13,17,18,20,12,5,2,0,0,0,0,0,0,0,0,0,0,0,0,0,0,0,0,0,0,0,6,11,6,0,0,0,4,7,9,10,13,16,18,19,10,0,0,0,0,0,0,0,0,0,0,0,0,0,0,0,0,0,0,0,0,0,6,11,6,0,0,0,4,7,9,10,13,16,18,19,10,0,0,0,0,0,0]",56,53.4,
1787222644868,21.0,"(0, 28)",9.3,58,"[0,0,0,0,0,0,0,3,5,3,0,0,0,0,0,5,10,5,0,0,0,3,5,6,7,13,18,20,21,15,9,5,0,0,0,0,0,0,0,0,0,0,0,1,3,1,0,0,0,0,0,5,10,5,0,0,0,3,6,7,9,13,18,19,20,12,5,2,0,0,0,0,0,0,0,0,0,0,0,0,0,0,0,0,0,0,0,5,9,5,0,0,0,4,7,9,10,14,17,18,18,9,0,0,0,0,0,0,0,0,0,0,0,0,0,0,0,0,0,0,0,0,0,5,9,5,0,0,0,4,7,9,10,14,17,18,18,9,0,0,0,0,0,0]",58,54.2,
1787222644983,21.0,"(0, 28)",9.6,58,"[0,0,0,0,0,0,0,3,6,3,0,0,0,0,0,6,11,6,0,0,0,3,5,6,7,13,19,20,21,15,9,5,0,0,0,0,0,0,0,0,0,0,0,2,3,2,0,0,0,0,0,5,11,5,0,0,0,3,6,7,9,13,18,19,20,12,5,2,0,0,0,0,0,0,0,0,0,0,0,0,0,0,0,0,0,0,0,5,10,5,0,0,0,4,7,9,10,14,17,18,19,10,0,0,0,0,0,0,0,0,0,0,0,0,0,0,0,0,0,0,0,0,0,5,10,5,0,0,0,4,7,9,10,14,17,18,19,10,0,0,0,0,0,0]",58,55.6,
1787222645101,20.0,"(0, 28)",8.4,69,"[0,0,0,0,0,0,0,3,6,3,0,0,0,0,0,6,11,9,6,3,0,0,0,4,7,12,17,19,20,15,9,5,0,0,0,0,0,1,3,1,0,0,0,2,3,2,0,0,0,0,0,6,11,7,3,2,0,2,4,6,8,13,17,18,20,12,5,2,0,0,0,0,0,3,5,3,0,0,0,0,0,0,0,0,0,0,0,6,11,6,0,0,0,4,7,8,9,13,17,18,19,10,0,0,0,0,0,0,0,3,5,3,0,0,0,0,0,0,0,0,0,0,0,6,11,6,0,0,0,4,7,8,9,13,17,18,19,10,0,0,0,0,0,0]",69,58.1,
1787222645215,20.0,"(0, 28)",8.5,69,"[0,0,0,0,0,0,0,4,7,4,0,0,0,0,0,5,10,8,6,3,0,0,0,3,6,12,17,19,20,15,9,5,0,0,0,0,0,1,3,1,0,0,0,2,4,2,0,0,0,0,0,5,11,7,3,2,0,2,4,6,8,13,17,18,20,12,5,2,0,0,0,0,0,3,5,3,0,0,0,0,0,0,0,0,0,0,0,6,11,6,0,0,0,4,7,9,10,14,17,18,19,10,0,0,0,0,0,0,0,3,5,3,0,0,0,0,0,0,0,0,0,0,0,6,11,6,0,0,0,4,7,9,10,14,17,18,19,10,0,0,0,0,0,0]",69,58.5,
1787222645330,21.0,"(0, 28)",8.5,69,"[0,0,0,0,0,0,0,3,6,3,0,0,0,0,0,6,11,9,7,4,0,0,0,3,6,12,18,20,21,15,9,5,0,0,0,0,0,1,3,1,0,0,0,2,3,2,0,0,0,0,0,6,12,8,4,2,0,2,4,5,7,12,18,19,20,12,5,2,0,0,0,0,0,3,5,3,0,0,0,0,0,0,0,0,0,0,0,6,12,6,0,0,0,4,7,8,8,13,17,18,19,10,0,0,0,0,0,0,0,3,5,3,0,0,0,0,0,0,0,0,0,0,0,6,12,6,0,0,0,4,7,8,8,13,17,18,19,10,0,0,0,0,0,0]",69,58.6,
1787222645442,21.0,"(0, 28)",8.6,69,"[0,0,0,0,0,0,0,3,6,3,0,0,0,0,0,6,11,9,7,4,0,0,0,3,6,12,18,20,21,15,9,5,0,0,0,0,0,2,3,2,0,0,0,2,3,2,0,0,0,0,0,6,12,8,4,2,0,2,4,5,7,12,18,19,20,12,5,2,0,0,0,0,0,3,6,3,0,0,0,0,0,0,0,0,0,0,0,7,13,7,0,0,0,4,7,8,8,13,17,18,19,10,0,0,0,0,0,0,0,3,6,3,0,0,0,0,0,0,0,0,0,0,0,7,13,7,0,0,0,4,7,8,8,13,17,18,19,10,0,0,0,0,0,0]",69,59.6,
1787222645555,21.0,"(0, 28)",8.6,69,"[0,0,0,0,0,0,0,3,6,3,0,0,0,0,0,6,11,9,7,4,0,0,0,3,6,12,18,20,21,15,8,4,0,0,0,0,0,1,3,1,0,0,0,2,3,2,0,0,0,0,0,6,12,8,4,2,0,2,4,5,7,12,18,19,21,12,4,2,0,0,0,0,0,3,5,3,0,0,0,0,0,0,0,0,0,0,0,7,13,7,0,0,0,4,7,8,8,13,17,19,20,10,0,0,0,0,0,0,0,3,5,3,0,0,0,0,0,0,0,0,0,0,0,7,13,7,0,0,0,4,7,8,8,13,17,19,20,10,0,0,0,0,0,0]",69,59.4,
1787222645666,21.0,"(0, 28)",8.9,69,"[0,0,0,0,0,0,0,4,7,4,0,0,0,0,0,6,11,9,7,4,0,0,0,3,6,12,18,20,21,15,9,5,0,0,0,0,0,2,3,2,0,0,0,2,4,2,0,0,0,0,0,6,12,8,4,2,0,2,4,6,8,13,18,19,21,13,5,2,0,0,0,0,0,3,6,3,0,0,0,0,0,0,0,0,0,0,0,7,13,7,0,0,0,4,7,8,9,13,17,19,20,10,0,0,0,0,0,0,0,3,6,3,0,0,0,0,0,0,0,0,0,0,0,7,13,7,0,0,0,4,7,8,9,13,17,19,20,10,0,0,0,0,0,0]",69,61.1,
1787222645778,21.0,"(0, 28)",8.7,69,"[0,0,0,0,0,0,0,3,6,3,0,0,0,0,0,6,11,9,7,4,0,0,0,4,7,12,17,19,21,15,9,5,0,0,0,0,0,2,3,2,0,0,0,2,3,2,0,0,0,0,0,6,12,8,4,2,0,2,4,6,8,13,18,19,20,12,5,2,0,0,0,0,0,3,6,3,0,0,0,0,0,0,0,0,0,0,0,7,13,7,0,0,0,4,7,8,8,13,18,19,19,10,0,0,0,0,0,0,0,3,6,3,0,0,0,0,0,0,0,0,0,0,0,7,13,7,0,0,0,4,7,8,8,13,18,19,19,10,0,0,0,0,0,0]",69,60.3,
1787222645892,21.0,"(0, 28)",8.8,69,"[0,0,0,0,0,0,0,3,6,3,0,0,0,0,0,6,12,10,7,4,0,0,0,3,6,12,18,20,21,15,9,5,0,0,0,0,0,2,3,2,0,0,0,2,3,2,0,0,0,0,0,6,12,8,4,2,0,2,4,6,8,13,18,19,21,13,5,2,0,0,0,0,0,3,6,3,0,0,0,0,0,0,0,0,0,0,0,6,12,6,0,0,0,4,7,8,9,14,18,19,20,10,0,0,0,0,0,0,0,3,6,3,0,0,0,0,0,0,0,0,0,0,0,6,12,6,0,0,0,4,7,8,9,14,18,19,20,10,0,0,0,0,0,0]",69,60.7,
1787222646008,21.0,"(0, 28)",8.7,69,"[0,0,0,0,0,0,0,3,6,3,0,0,0,0,0,6,11,9,7,4,0,0,0,3,6,12,18,20,21,15,9,5,0,0,0,0,0,2,3,2,0,0,0,2,3,2,0,0,0,0,0,6,12,8,4,2,0,2,4,5,7,13,18,19,20,12,5,2,0,0,0,0,0,3,6,3,0,0,0,0,0,0,0,0,0,0,0,7,13,7,0,0,0,4,7,8,8,13,18,19,19,10,0,0,0,0,0,0,0,3,6,3,0,0,0,0,0,0,0,0,0,0,0,7,13,7,0,0,0,4,7,8,8,13,18,19,19,10,0,0,0,0,0,0]",69,60.1,
1787222646122,21.0,"(0, 28)",8.6,69,"[0,0,0,0,0,0,0,3,6,3,0,0,0,0,0,6,12,10,7,4,0,0,0,3,6,12,18,20,21,15,9,5,0,0,0,0,0,1,3,1,0,0,0,2,3,2,0,0,0,0,0,6,13,8,4,2,0,2,3,5,7,12,18,19,21,13,5,2,0,0,0,0,0,3,5,3,0,0,0,0,0,0,0,0,0,0,0,7,13,7,0,0,0,3,6,7,8,13,17,19,20,10,0,0,0,0,0,0,0,3,5,3,0,0,0,0,0,0,0,0,0,0,0,7,13,7,0,0,0,3,6,7,8,13,17,19,20,10,0,0,0,0,0,0]",69,59.4,
1787222646244,21.0,"(0, 28)",8.8,69,"[0,0,0,0,0,0,0,3,6,3,0,0,0,0,0,6,11,10,8,4,0,0,0,4,7,13,18,20,21,15,9,5,0,0,0,0,0,1,3,1,0,0,0,2,3,2,0,0,0,0,0,6,12,8,4,2,0,2,3,6,8,13,18,19,21,13,5,2,0,0,0,0,0,3,5,3,0,0,0,0,0,0,0,0,0,0,0,7,13,7,0,0,0,3,6,8,9,14,18,19,20,10,0,0,0,0,0,0,0,3,5,3,0,0,0,0,0,0,0,0,0,0,0,7,13,7,0,0,0,3,6,8,9,14,18,19,20,10,0,0,0,0,0,0]",69,60.7,
1787222646358,21.0,"(0, 28)",8.8,69,"[0,0,0,0,0,0,0,4,7,4,0,0,0,0,0,6,12,10,7,4,0,0,0,3,6,12,18,20,21,15,9,5,0,0,0,0,0,2,3,2,0,0,0,2,4,2,0,0,0,0,0,6,13,8,4,2,0,2,3,5,8,13,18,19,20,12,5,2,0,0,0,0,0,3,6,3,0,0,0,0,0,0,0,0,0,0,0,7,13,7,0,0,0,3,6,8,9,14,18,19,19,10,0,0,0,0,0,0,0,3,6,3,0,0,0,0,0,0,0,0,0,0,0,7,13,7,0,0,0,3,6,8,9,14,18,19,19,10,0,0,0,0,0,0]",69,60.8,
1787222646469,21.0,"(0, 28)",8.8,69,"[0,0,0,0,0,0,0,4,7,4,0,0,0,0,0,6,11,9,7,4,0,0,0,3,6,12,18,20,21,15,9,5,0,0,0,0,0,2,3,2,0,0,0,2,4,2,0,0,0,0,0,6,12,8,4,2,0,2,3,5,8,13,18,19,21,13,5,2,0,0,0,0,0,3,6,3,0,0,0,0,0,0,0,0,0,0,0,7,13,7,0,0,0,3,6,8,9,13,17,19,20,10,0,0,0,0,0,0,0,3,6,3,0,0,0,0,0,0,0,0,0,0,0,7,13,7,0,0,0,3,6,8,9,13,17,19,20,10,0,0,0,0,0,0]",69,60.5,
